f1_hex_code,f2_temp_log,f3_wave_phase,f4_micro_metric,f5_sector_class,f6_launch_date,f7_power_skew,f8_bimodal_core,f9_cargo_path,f10_status_mix,f11_sync_clock,f12_spatial_coord,f13_noisy_base,f14_crew_code,f15_parity_bit,target_breach
0xca,Temp: 25.69 C,66.75498993,30.68220475,Delta,2026-01-01,14.89753503,-19.9837736,B-C-A-B,F,38605,"(14, 5)",207,ieeyiayo,177,0
0x217,Temp: 27.50 C,9.553531383,35.0094004,Beta,2026-01-02,3.871631359,20.31617845,B-C-B-C-A,TRUE,59616,"(17, 6)",404,zueiaeae,195,1
0x3c0,Temp: 46.17 C,62.38593247,81.50996415,Gamma,2026-01-03,34.83006674,19.44491149,A-B-D-C,T,64479,"(16, 11)",417,iaiaeuzz,922,1
0x172,Temp: 23.93 C,45.17676787,92.70129677,Delta,2026-01-04,0.02918435205,22.58254768,B-D,0,90934,"(10, 15)",295,uzyooyyx,13,1
0xce,Temp: 30.56 C,58.66084632,46.05413981,Delta,2026-01-05,148.6615632,-20.84356015,A-B,1,50883,"(7, 2)",761,iaoeyzua,876,0
0xab,Temp: 41.35 C,16.80142077,90.64387919,Alpha,2026-01-06,96.51668212,22.62038382,D-A,T,43055,"(12, 19)",677,xuzyayoo,166,0
0x320,Temp: 25.86 C,73.68737449,38.61311741,Gamma,2026-01-07,9.087192383,-19.56807896,B-A-C-C,0,78731,"(12, 16)",208,izxaxexy,150,0
0x78,Temp: 34.88 C,86.27970775,52.40289178,Beta,2026-01-08,209.6410382,21.87495499,C-C,FALSE,17450,"(6, 3)",267,yoizyouo,341,0
0x2ca,Temp: 44.49 C,21.67398001,30.11658081,Gamma,2026-01-09,0.00694405332,-23.27013279,D-A-D-D-D,0,12925,"(2, 5)",917,aziyaeeo,925,1
0xdd,Temp: 47.98 C,9.571455552,67.00236775,Gamma,2026-01-10,0.2073505564,22.6233869,C,FALSE,90051,"(11, 3)",474,ixiiioao,557,1
0x236,Temp: 15.88 C,2.363858605,97.12931925,Gamma,2026-01-11,0.1101502009,-17.81571681,A-D,T,60272,"(3, 5)",176,xaxuuzyy,174,1
0x13a,Temp: 47.06 C,64.19715004,63.71088555,Gamma,2026-01-12,8.709705436,19.49264784,A-D-D-B-D,FALSE,15310,"(11, 3)",282,aoxxyyex,167,1
0x1ae,Temp: 29.68 C,60.70940361,41.84545349,Gamma,2026-01-13,0.04283403771,-19.30967059,B-B-B,0,41817,"(13, 8)",825,oeoixiuu,709,1
0x22e,Temp: 20.33 C,54.66974127,67.65575269,Alpha,2026-01-14,9.703488383,-20.97850907,D,1,54528,"(10, 2)",429,axyeioxa,718,0
0xbb,Temp: 28.37 C,23.19470961,20.93994038,Alpha,2026-01-15,61.0448251,-21.37270711,A,TRUE,65779,"(4, 18)",186,oixyixxi,594,0
0x1d8,Temp: 49.20 C,39.09059959,89.09065814,Delta,2026-01-16,8.049489717,-18.32221465,C-B,TRUE,94816,"(19, 4)",196,ioaiuzau,580,0
0xc7,Temp: 29.70 C,59.44763352,54.77447162,Alpha,2026-01-17,2.342580433,-20.13567703,B-D,1,92641,"(9, 16)",608,oiayixiy,97,0
0x3cb,Temp: 23.15 C,49.67668589,49.99212704,Delta,2026-01-18,0.05163167064,-15.96014534,C-A,F,94083,"(6, 4)",823,aiieeaax,679,0
0x2fb,Temp: 35.34 C,98.77855202,62.14196617,Delta,2026-01-19,0.07882280674,-22.88389001,A-C-C-A-A,TRUE,86310,"(9, 13)",693,xziuayiu,404,0
0xe6,Temp: 19.61 C,13.64397526,65.60576379,Beta,2026-01-20,42.4724961,-18.97525152,C-C,T,25457,"(9, 6)",377,exyaiezo,77,1
0x2f9,Temp: 13.03 C,69.5144554,16.38804675,Gamma,2026-01-21,10.36098191,20.11172788,A,F,52311,"(19, 14)",223,eizxuyyo,996,1
0x198,Temp: 15.16 C,40.43187681,70.75293269,Alpha,2026-01-22,0.8895331022,-19.38070057,B-D-A-C,T,13980,"(15, 3)",933,yozxoaiz,237,0
0x365,Temp: 15.12 C,42.81996149,31.53191955,Beta,2026-01-23,0.2854385135,-22.29205515,A-A-D-D-C,0,30886,"(5, 18)",403,yoeuixye,708,0
0x1bb,Temp: 16.08 C,71.75977657,73.54178429,Alpha,2026-01-24,0.002294079468,14.32498712,D,0,87112,"(14, 16)",876,aoeiyeau,291,1
0x24f,Temp: 15.55 C,69.24361513,83.2055967,Delta,2026-01-25,0.04025354292,-19.96677932,B-B-D-C-B,F,60877,"(14, 9)",518,zoiyzoox,136,1
0x201,Temp: 35.63 C,99.12559937,81.55230717,Alpha,2026-01-26,309.2831689,19.78836249,C-B-C,F,46181,"(15, 7)",672,oeezuayz,820,0
0x389,Temp: 17.28 C,12.83942895,59.1725861,Gamma,2026-01-27,0.02146424583,-19.09272722,A-A-D-B,F,43262,"(14, 6)",511,yzieoazi,808,1
0x1e5,Temp: 23.83 C,10.41096494,56.29512042,Delta,2026-01-28,1.765509758,23.45245309,B-D,F,10947,"(15, 8)",219,yiiyiuia,889,0
0x123,Temp: 45.87 C,72.43388171,22.71596056,Delta,2026-01-29,20.53913149,18.22534108,C-C-A-D-C,FALSE,10022,"(2, 8)",601,zeaoxuuo,881,1
0x178,Temp: 28.96 C,57.8386917,79.00580739,Beta,2026-01-30,0.02317298765,-21.54359235,D-C-B-B-D,F,11128,"(1, 17)",723,yaaoyxiy,367,1
0x104,Temp: 36.70 C,27.41606666,34.15543486,Gamma,2026-01-31,1.740428634,20.71250558,D-A,F,89522,"(19, 5)",625,zizeaaoo,548,1
0x22f,Temp: 16.89 C,7.941936899,54.20589263,Delta,2026-02-01,16.67226587,-22.52303851,C-D-C-C-A,0,42322,"(16, 7)",293,iyaauzee,902,1
0x19d,Temp: 17.69 C,8.56582496,35.30039427,Gamma,2026-02-02,1.038209885,-18.66562183,B-C-D,T,58929,"(7, 18)",830,zixyauya,248,0
0x79,Temp: 11.63 C,89.41908747,21.91072431,Alpha,2026-02-03,5460.027837,-18.5340622,A-D,0,91696,"(18, 2)",323,oyiyxyyy,766,0
0x160,Temp: 16.76 C,19.18673247,66.03063502,Gamma,2026-02-04,0.006698994914,-22.19213981,D-D,TRUE,19808,"(15, 14)",492,eaxzizea,214,1
0x34f,Temp: 21.14 C,32.33715621,14.8355511,Delta,2026-02-05,23.95520408,20.85064262,A-A,FALSE,62882,"(18, 9)",871,uiaeeuii,764,0
0x3bc,Temp: 17.08 C,22.66564022,76.62942584,Beta,2026-02-06,0.5954694385,-16.91012531,D-A-A-C,FALSE,31725,"(14, 5)",535,xaxezeyu,70,0
0x294,Temp: 13.55 C,35.49963058,38.26522478,Delta,2026-02-07,10.13262549,18.92138997,D-B-A-C-C,T,82534,"(11, 8)",678,uzzizxey,746,1
0x23e,Temp: 14.83 C,6.942384275,10.01198768,Gamma,2026-02-08,3.758129857,20.77276531,A-A,F,49950,"(5, 11)",668,ayoauaze,996,0
0x9e,Temp: 28.43 C,51.90597909,55.49049339,Gamma,2026-02-09,0.1108620558,-21.67552844,B,0,98954,"(5, 17)",533,xzzyixoi,329,1
0x262,Temp: 18.25 C,6.761256359,14.16981986,Delta,2026-02-10,1.987721837,-18.64153869,D-C,TRUE,93576,"(4, 15)",176,ooeezuuo,16,0
0x30d,Temp: 24.57 C,80.03565078,34.57909065,Gamma,2026-02-11,0.003796391175,-14.17148802,A-B-B,0,30557,"(19, 2)",509,xueuoyix,487,1
0x23f,Temp: 30.14 C,23.37120819,72.92090738,Alpha,2026-02-12,6.108874205,-21.04644637,A,F,31825,"(17, 12)",698,xazuzzxy,174,0
0x31f,Temp: 37.62 C,54.00119146,15.57937632,Delta,2026-02-13,2.446052249,17.55935862,C-D-A,F,18998,"(17, 10)",700,yeieuoyy,699,1
0x372,Temp: 11.57 C,88.00790876,84.70112582,Beta,2026-02-14,6.793596694,-15.9653224,C-C-D-B-B,1,46080,"(18, 19)",369,aayixxyx,806,0
0x121,Temp: 41.98 C,65.0877369,10.33997312,Delta,2026-02-15,23.91139145,14.33534815,D-C-B,0,67797,"(18, 13)",71,aoxzeyxz,737,1
0x312,Temp: 35.12 C,53.29577866,31.96732436,Alpha,2026-02-16,3.012768793,-21.62796172,B-B,T,25802,"(14, 16)",638,oyziizao,274,0
0x296,Temp: 13.27 C,32.43337531,75.940461,Alpha,2026-02-17,1.559348739,-20.2572349,A,0,21167,"(18, 18)",274,zeoeeoyu,524,0
0x3cf,Temp: 44.94 C,33.30019131,38.14804333,Alpha,2026-02-18,0.0711329221,-19.54868724,B-A-C,FALSE,52407,"(16, 17)",487,ozyeyyxz,822,0
0x29a,Temp: 46.83 C,66.94869552,19.06842254,Alpha,2026-02-19,0.1180481967,-22.77804873,C-D-B,TRUE,23338,"(7, 12)",363,iizzaiue,219,0
0x157,Temp: 12.44 C,99.41393612,42.06081877,Alpha,2026-02-20,35.17036626,21.27464937,A-C,T,86289,"(2, 10)",195,oouieiya,943,0
0x3a3,Temp: 21.08 C,66.18391898,34.06500249,Beta,2026-02-21,74.366548,23.23260009,D-B-B-A-D,1,81520,"(5, 3)",724,iazzoexy,513,1
0x25c,Temp: 42.25 C,55.77834174,85.00135929,Gamma,2026-02-22,0.4895193396,-17.21452906,C-A-A,TRUE,28895,"(19, 13)",506,aizyiyou,399,1
0xe6,Temp: 39.93 C,73.06505102,37.88796467,Alpha,2026-02-23,1.147985012,19.93089875,D,TRUE,57910,"(12, 3)",698,yzxuzizu,111,0
0x248,Temp: 17.38 C,46.52056123,80.21498999,Alpha,2026-02-24,0.06628158818,16.76657325,C-A-C,FALSE,75898,"(6, 14)",897,yxxezuei,987,0
0x396,Temp: 18.37 C,6.01423426,89.37662089,Delta,2026-02-25,33.72605,-19.54123534,C-D-A-B-B,FALSE,13454,"(4, 13)",403,iiouaxai,464,1
0x2ea,Temp: 24.82 C,56.22968159,48.60975034,Beta,2026-02-26,7.361402496,-19.50276829,D-A-A-B,FALSE,96540,"(19, 18)",510,yzyuyezz,789,1
0x78,Temp: 29.38 C,95.76252845,90.9849398,Beta,2026-02-27,338.2050301,21.25322727,A-B-D-B,T,70797,"(3, 6)",885,ayiaaxai,641,1
0x3ac,Temp: 34.73 C,17.53029424,43.5813068,Gamma,2026-02-28,0.07172117612,20.09112776,D-A-A,0,93137,"(16, 3)",395,xziozzyo,93,0
0x10a,Temp: 24.76 C,69.00048908,95.80297907,Beta,2026-03-01,0.3217360799,21.24681428,B-A-C-C,TRUE,60637,"(12, 19)",528,yoauiozz,451,1
0x175,Temp: 28.50 C,20.09336887,17.94676768,Delta,2026-03-02,2.002382592,21.40688027,D-A-C-B,0,15349,"(19, 4)",460,uozyouoa,396,1
0x1e7,Temp: 39.90 C,53.58276845,71.14471472,Delta,2026-03-03,6.955054164,-24.30985735,A-C,0,49963,"(1, 2)",812,axaexoei,892,0
0x2bc,Temp: 11.47 C,9.667644965,53.9494496,Gamma,2026-03-04,0.5236127405,-19.36940669,D-B,FALSE,85583,"(13, 13)",365,uiezayox,924,0
0x19f,Temp: 20.10 C,45.03709363,44.50074369,Delta,2026-03-05,0.07288420928,18.1179546,B-D-C-A,0,17750,"(2, 19)",396,zyzyoaou,551,0
0x71,Temp: 38.53 C,75.61633289,66.31135721,Alpha,2026-03-06,14.07250068,-20.49216723,C-C-C,TRUE,32463,"(16, 12)",661,yuzuizau,933,0
0x155,Temp: 45.81 C,34.75715242,72.64328116,Alpha,2026-03-07,8.700722669,18.39543995,A-D,TRUE,84935,"(1, 9)",528,euxieyaa,479,0
0x36c,Temp: 30.47 C,66.49117245,10.388331,Delta,2026-03-08,0.06400319329,22.96392154,A-A-A-C,F,68792,"(17, 10)",600,xyuexeuy,316,1
0x1bd,Temp: 31.28 C,79.54499608,24.8588249,Gamma,2026-03-09,58.34235925,-19.43356392,B-B,1,23686,"(18, 19)",610,uoouixoz,671,1
0x298,Temp: 14.29 C,92.71778195,73.46109851,Beta,2026-03-10,33.46821316,18.86884726,B-C-B,T,73528,"(7, 19)",606,uzzexyoy,698,0
0x3e5,Temp: 27.90 C,23.46420819,69.30830181,Gamma,2026-03-11,1.496141547,19.05736856,D,0,32787,"(15, 9)",472,ixxaeizi,993,0
0x1b7,Temp: 31.30 C,39.93159158,95.97822796,Beta,2026-03-12,1.269716424,-21.43683485,D-A,T,24776,"(10, 4)",535,yieiaoei,353,1
0xbf,Temp: 19.70 C,15.24160133,77.73236333,Delta,2026-03-13,5.270753405,-19.68450603,A-C-C-B-A,T,67427,"(6, 4)",928,uoyzxeux,768,1
0x1d2,Temp: 20.77 C,99.24835022,94.61877099,Delta,2026-03-14,0.07538784599,18.71666636,B-D-C-B-A,T,71086,"(5, 9)",825,uizezzyi,239,1
0x22a,Temp: 25.09 C,92.70009679,72.52610464,Alpha,2026-03-15,1.09427762,23.33070384,B-D-B,F,73308,"(12, 8)",418,xyzauaxi,104,0
0x20f,Temp: 10.80 C,53.99571303,36.52664657,Beta,2026-03-16,0.001569260745,-18.28766032,A-B,T,25797,"(5, 11)",727,yyyouoeu,907,0
0x260,Temp: 22.88 C,84.20332944,19.37747808,Gamma,2026-03-17,13.8649897,20.07113215,D-B-D-C,F,15302,"(11, 13)",818,aoxeuyxz,878,1
0x36b,Temp: 18.46 C,52.09579773,79.58232384,Delta,2026-03-18,0.009237539956,21.3046123,D-B,TRUE,73172,"(14, 8)",869,eayxueiz,29,1
0x86,Temp: 23.10 C,62.3585688,67.32928071,Gamma,2026-03-19,90.94541445,-16.73732978,A-B,0,48059,"(18, 19)",472,uuyuyuix,89,1
0x131,Temp: 14.79 C,8.912443212,14.2885551,Alpha,2026-03-20,0.3714428428,-20.960521,D-A-A-A-C,F,10908,"(12, 12)",261,xxaiizeo,375,0
0xb4,Temp: 45.62 C,75.52704205,42.04449147,Beta,2026-03-21,0.5299349871,-17.88978465,B,1,70252,"(18, 10)",374,xoeieuee,397,1
0x295,Temp: 33.74 C,12.77134836,95.15518358,Beta,2026-03-22,0.1521023365,-21.64556556,B,T,90659,"(7, 18)",605,yuyozuza,563,1
0x3cb,Temp: 37.16 C,82.60676303,54.53570197,Delta,2026-03-23,0.4214236647,-18.07469798,C-D-A-A-C,1,22877,"(12, 14)",516,ezeyoyiu,364,1
0x1e7,Temp: 41.57 C,78.20280877,48.51289311,Beta,2026-03-24,70.49868347,-21.38553806,B,TRUE,24239,"(15, 16)",869,iauaaaxu,950,1
0x65,Temp: 29.94 C,70.87446977,50.73526486,Delta,2026-03-25,0.0005736873654,22.21166613,A,TRUE,96971,"(2, 18)",281,zuxozxze,147,0
0x1e9,Temp: 13.48 C,3.616038052,28.59056244,Alpha,2026-03-26,46.10383606,21.72287305,C,FALSE,37313,"(12, 16)",238,iiauuaei,314,0
0x299,Temp: 31.48 C,30.31283559,42.81493821,Beta,2026-03-27,2.756799604,-20.5026333,D,T,52103,"(13, 17)",636,xozzzzye,548,0
0xcd,Temp: 33.47 C,26.31125699,42.91337978,Delta,2026-03-28,0.02675416964,-19.53739811,D-D-B-A-A,FALSE,58408,"(18, 3)",667,zuyaiyau,796,1
0x367,Temp: 39.82 C,36.01364075,14.6595968,Gamma,2026-03-29,0.03971854074,18.84716085,A,1,93251,"(10, 1)",480,zaxyyzia,452,1
0x399,Temp: 27.27 C,8.764274676,78.31351894,Delta,2026-03-30,152.8075187,22.94206938,B-C,0,98771,"(6, 3)",81,iyaaixax,899,0
0x240,Temp: 15.10 C,93.6957823,47.06889444,Beta,2026-03-31,0.05862930396,18.60100956,C,FALSE,20534,"(19, 4)",304,eoeoeoai,506,0
0x322,Temp: 21.35 C,55.38022407,83.17400993,Alpha,2026-04-01,0.03142814243,-17.92586785,C-A-B-B,TRUE,53060,"(3, 8)",299,izuzouxx,486,0
0x1f5,Temp: 24.52 C,30.55243107,85.6809721,Beta,2026-04-02,30.32412581,-21.33073787,D,T,27189,"(8, 7)",381,uoioxauu,101,0
0x33d,Temp: 35.84 C,39.69815171,28.86747087,Beta,2026-04-03,2.761181392,18.40772639,D,1,96067,"(2, 6)",589,xouiuoxi,107,1
0x28f,Temp: 32.83 C,44.72025405,68.50445991,Delta,2026-04-04,0.05997804325,-18.09987301,A-A-A-D,F,20967,"(16, 10)",521,iuouyazx,857,1
0x105,Temp: 24.24 C,60.05943334,52.03308057,Gamma,2026-04-05,1.91530126,-17.11279148,D-B-C-C,TRUE,91991,"(4, 13)",132,yzaiuaea,937,1
0x12d,Temp: 49.46 C,51.56794277,88.33394968,Beta,2026-04-06,0.04608544752,-19.03418032,B,F,75563,"(10, 14)",604,uzuxauuy,291,0
0x171,Temp: 34.23 C,91.93919732,29.20092045,Gamma,2026-04-07,27.17953214,19.83456995,A-B-A-B,0,18660,"(9, 11)",894,xyxxzyxe,349,1
0x3c2,Temp: 19.49 C,49.69634829,70.32537483,Delta,2026-04-08,24.14585898,20.48618346,C-A,T,49823,"(18, 11)",101,ziuoxixz,617,0
0x393,Temp: 14.07 C,99.21580148,64.08993888,Gamma,2026-04-09,4.933351608,-21.90261249,C-D-B,0,65842,"(17, 2)",764,ziozaeua,733,1
0x172,Temp: 16.11 C,85.14249577,36.2818315,Delta,2026-04-10,2.959390052,-21.05379585,D-B-D-B-B,0,19616,"(3, 11)",786,yoeeeoxx,588,1
0x22b,Temp: 19.84 C,20.85105144,22.15748042,Alpha,2026-04-11,197.07106,-19.61825556,D,T,85976,"(18, 3)",329,zyxzazuz,227,0
0x231,Temp: 16.43 C,93.05952146,67.99593868,Gamma,2026-04-12,0.9990594248,-19.60360865,B,T,58738,"(15, 11)",921,eyyeazxz,596,1
0x33a,Temp: 17.46 C,11.63663979,75.73517377,Gamma,2026-04-13,0.02885066095,-21.02031494,A-B-A-D,F,23107,"(11, 11)",791,eeoiyaza,977,1
0x15f,Temp: 21.40 C,81.74497085,38.09083359,Alpha,2026-04-14,3.851342306,22.54514033,C-B-C-C-B,0,71404,"(19, 1)",267,xaxzozou,588,0
0x321,Temp: 16.93 C,38.06232935,67.39010176,Gamma,2026-04-15,522.2472572,-20.2526284,A-B,1,25954,"(5, 10)",477,xyozxyzy,761,1
0x18b,Temp: 45.87 C,87.79743204,45.16665078,Alpha,2026-04-16,0.04763066609,-19.06173829,D-B-C,F,26943,"(10, 14)",337,zauieeux,767,0
0x338,Temp: 13.21 C,86.80566901,73.47541261,Beta,2026-04-17,0.3381085436,-18.014268,C,T,50725,"(2, 4)",474,xxiyeuxo,50,0
0x333,,80.59254001,27.73015947,Delta,2026-04-18,3.488033514,17.10958947,C-A-A-B-A,TRUE,55434,"(2, 18)",885,aizxeaux,868,0
0x350,Temp: 26.42 C,79.00304363,89.22913523,Alpha,2026-04-19,0.8506840002,21.33253934,D-C,F,95751,"(13, 19)",412,eaoiuzey,970,0
0x1b5,Temp: 49.30 C,30.46791391,35.57945409,Gamma,2026-04-20,0.05250164686,-21.15595705,C-D-C-A,FALSE,20110,"(5, 2)",603,oiiyzoei,722,1
0x3d2,Temp: 14.48 C,8.091928305,42.73295291,Alpha,2026-04-21,28.95009741,21.15472705,D-D-D,1,97091,"(11, 18)",291,uauzxzia,158,0
0x98,Temp: 25.91 C,40.29801788,15.17018374,Gamma,2026-04-22,1053.762283,19.74268111,A,F,26462,"(6, 10)",287,oazayaiy,328,0
0x37b,Temp: 48.78 C,17.3524515,19.9245869,Beta,2026-04-23,1.801094214,22.81386949,B-C-A,T,89232,"(17, 11)",498,zzzyxxyy,745,0
0x13c,Temp: 44.62 C,69.49510889,55.91170934,Alpha,2026-04-24,0.06639026337,19.03176301,C-D-C-C-A,T,64081,"(19, 17)",791,zzzexieo,883,1
0x35f,Temp: 42.68 C,34.60997265,33.81574823,Beta,2026-04-25,0.009591465607,21.91053847,C,1,62799,"(4, 14)",836,oooouyie,77,1
0x11f,Temp: 20.32 C,97.56102009,84.35774009,Delta,2026-04-26,2.168266377,19.92251421,D-D-A-B,FALSE,76567,"(4, 14)",338,ouzzxuui,735,1
0x1df,Temp: 16.84 C,64.09720773,11.30771159,Gamma,2026-04-27,27.42985531,-18.78329847,D,F,99301,"(4, 6)",777,ouyuoiue,633,1
0x250,Temp: 36.75 C,82.24805636,43.73937033,Gamma,2026-04-28,4.159950768,21.18506061,B-A-A,F,61224,"(9, 12)",829,azxaaizu,454,1
0x8c,Temp: 47.18 C,13.25246727,40.02375366,Beta,2026-04-29,0.9928144179,20.81927224,B-C,0,66063,"(8, 4)",270,aazxoyyz,310,0
0x100,Temp: 32.27 C,86.20144823,11.72015915,Delta,2026-04-30,0.1707055809,-20.71394552,C-D,TRUE,65240,"(5, 6)",191,uuxozuyy,327,0
0x72,Temp: 32.86 C,92.27571905,21.06878751,Alpha,2026-05-01,0.03776053014,-20.16255684,A-D-D-C,T,91352,"(5, 19)",179,exioxazu,508,0
0x390,Temp: 21.20 C,48.70619188,46.81419807,Alpha,2026-05-02,12.23442842,-19.92421384,B-A-D-B-A,F,27868,"(8, 9)",899,eyeizxex,853,1
0xa4,Temp: 40.78 C,60.62529378,53.86494802,Gamma,2026-05-03,15.50736177,-24.77674399,A-A-C-A-D,F,85973,"(15, 4)",667,zuuyeuzx,870,1
0x3bc,Temp: 17.48 C,76.48098009,45.98178751,Beta,2026-05-04,0.00968488012,22.36851329,B-B-D,F,90989,"(9, 7)",594,yuzzyaxz,107,0
0x3aa,Temp: 22.95 C,17.48386273,57.25345338,Beta,2026-05-05,117.862293,21.44565379,B-B-A,FALSE,32222,"(8, 15)",728,yozuuxzi,241,0
0x26c,Temp: 27.02 C,50.25660765,62.96671907,Alpha,2026-05-06,5.59690442,20.22359832,A,TRUE,89794,"(19, 15)",837,oyoyzoea,435,1
0x1bb,Temp: 30.30 C,39.86630278,10.88322008,Delta,2026-05-07,66.60528545,22.0143144,B-D-A,F,73924,"(5, 19)",80,aioouyxe,28,0
0xe4,Temp: 19.70 C,14.63739922,51.30446919,Delta,2026-05-08,0.01783873173,-21.03598955,C-A-C,1,88513,"(7, 6)",783,eziazoxi,704,1
0x2eb,Temp: 14.59 C,36.75344223,95.75143244,Alpha,2026-05-09,0.01661461638,20.05240951,B-D-B-B-A,T,64649,"(19, 17)",276,yeeeooou,249,0
0x23b,Temp: 34.42 C,6.817230939,56.19387293,Alpha,2026-05-10,0.6396027942,19.39287135,B-B,0,93749,"(10, 19)",277,ayeezuey,364,0
0xa2,Temp: 21.55 C,2.581190695,70.3012618,Beta,2026-05-11,4.519282673,-19.83816532,C-A-B,1,20223,"(11, 15)",571,eooayyei,725,1
0xee,Temp: 33.25 C,13.51662892,37.75588335,Delta,2026-05-12,219.0023518,13.65914853,A-B-D,T,58166,"(10, 11)",375,eeaizexx,533,0
0x256,Temp: 16.17 C,96.31151116,78.88523266,Alpha,2026-05-13,8.316460482,20.42120168,D-B-B-C-B,FALSE,49369,"(3, 3)",363,yyixooiz,472,0
0x2b4,Temp: 29.25 C,54.95295359,78.79001189,Alpha,2026-05-14,0.4828526084,19.02304784,A-C-D-C,TRUE,96379,"(18, 11)",393,eyixixyo,667,0
0x1eb,Temp: 31.30 C,96.58221612,56.39534824,Gamma,2026-05-15,0.04600028794,23.18534,C,TRUE,79392,"(18, 15)",905,iyyuzxuo,539,1
0x306,Temp: 12.07 C,43.24978783,96.86523027,Alpha,2026-05-16,40.04491576,-20.03868814,B-C,T,69526,"(7, 10)",834,yyexzzeo,589,0
0x206,Temp: 23.46 C,31.18161331,21.17396911,Alpha,2026-05-17,0.0553479157,-17.62207316,A,1,22661,"(10, 13)",336,eyxaxxua,818,0
0x184,Temp: 15.38 C,50.61418628,11.50834218,Delta,2026-05-18,132.3441417,-19.90023969,A-C,0,25591,"(15, 18)",90,aaxoaieo,413,1
0x1de,Temp: 12.53 C,43.95116886,78.54408085,Beta,2026-05-19,0.4260690107,-17.90775783,C-B-B-B,FALSE,81718,"(4, 17)",84,ixxiuuiz,935,0
0x368,Temp: 49.60 C,10.56646843,81.83684283,Delta,2026-05-20,118.1253345,-20.94681483,C-D-C-D-C,T,65235,"(3, 2)",133,ueezxuza,569,0
0x24d,Temp: 22.89 C,64.08263147,20.69844339,Beta,2026-05-21,7.665991592,20.58189473,D-C,FALSE,17970,"(4, 1)",383,ziezyuyu,631,0
0x14a,Temp: 42.39 C,21.60381825,33.63687213,Gamma,2026-05-22,0.662995903,21.91567926,A,TRUE,57922,"(15, 1)",624,zzeezauz,988,1
0x8c,Temp: 20.19 C,61.95879549,11.56216034,Alpha,2026-05-23,0.2105169481,-18.41823642,D-C,F,40755,"(6, 7)",384,uoxaeyei,165,0
0x7f,Temp: 37.26 C,65.02010924,36.10446636,Gamma,2026-05-24,0.3596141485,-20.06801619,D-A-A-C-A,F,29416,"(19, 12)",287,xeuezuua,989,1
0xea,Temp: 40.41 C,15.20248531,78.80962678,Beta,2026-05-25,3.614487507,-17.26995641,B-C-D-C,0,23672,"(1, 7)",795,eayyxuzz,576,1
0x12c,Temp: 33.83 C,6.134962711,56.09848697,Delta,2026-05-26,1.260450868,21.40298956,A-D-D-B-D,FALSE,93468,"(19, 13)",765,yxexxeaa,48,1
0x3ab,Temp: 28.86 C,78.07615861,40.98050779,Delta,2026-05-27,0.1683964557,-21.03774236,D-B-D-A-D,T,56996,"(12, 12)",625,uzueeooi,662,0
0x36f,Temp: 26.47 C,45.98004238,43.08479725,Gamma,2026-05-28,0.6084173321,20.99161004,A-D-C,0,84095,"(13, 14)",926,zyuxyiyz,484,1
0x84,Temp: 23.95 C,5.816379551,10.12047269,Beta,2026-05-29,1.265833868,20.00323806,D,1,10064,"(12, 12)",131,zziaxzaz,158,0
0x93,Temp: 47.18 C,99.48663172,36.68224695,Gamma,2026-05-30,0.001684641861,20.82954578,B-C-B,F,78835,"(6, 10)",807,oiyoxzxu,668,0
0x25a,Temp: 43.22 C,5.7780561,67.53482801,Gamma,2026-05-31,3.953116853,23.20867822,A-C,T,80385,"(9, 2)",629,zeauyuya,151,1
0x1fa,Temp: 48.60 C,69.50352289,96.7033055,Alpha,2026-06-01,0.05290996021,-19.42981149,B-C-C-D-A,FALSE,15639,"(7, 9)",137,axxioxui,225,0
0x2a1,Temp: 14.97 C,98.36789253,85.3884136,Gamma,2026-06-02,0.03142984972,20.27729037,C-A-C,0,21055,"(12, 5)",426,yiuxzyue,260,0
0x33b,Temp: 39.23 C,23.91801042,12.09995185,Alpha,2026-06-03,0.006332671833,17.8277474,A-A-D-A-A,T,69220,"(1, 15)",507,xoyuxaey,387,1
0x388,Temp: 47.53 C,14.22493687,89.97189382,Alpha,2026-06-04,0.004600098818,-18.26347808,B-D,0,97594,"(8, 1)",724,yoxaxaoe,,0
0xc6,Temp: 17.25 C,12.13849394,79.70465878,Delta,2026-06-05,0.01713996326,20.19562659,B,0,39427,"(18, 13)",803,yaioouei,61,1
0x30f,Temp: 12.66 C,30.32751476,79.453475,Alpha,2026-06-06,0.1191868472,22.20786709,C-A,0,92516,"(1, 5)",922,iuaazzie,864,0
0x3cb,Temp: 39.64 C,10.1045811,50.76162255,Alpha,2026-06-07,350.6460859,19.48743835,C-A-A,FALSE,74666,"(18, 16)",605,aoxueaxi,772,0
0x339,Temp: 32.98 C,69.21613417,45.42247107,Delta,2026-06-08,0.2064619742,-19.52816694,A-A-C-C,T,74274,"(10, 4)",878,uaiauoyo,833,1
0x286,Temp: 43.67 C,6.229179813,36.95949987,Gamma,2026-06-09,1.704463364,19.18622951,B-A-B-C-B,TRUE,20866,"(1, 8)",423,yxiyouia,396,positive
0x346,Temp: 15.59 C,50.94221281,15.84684245,Beta,2026-06-10,3.324915165,18.93048666,A-A-C,TRUE,13889,"(5, 2)",832,yzyeyyau,397,positive
0x2c8,Temp: 41.81 C,99.66968539,30.31294735,Beta,2026-06-11,1.481708122,-20.58994291,C-A-D-A,FALSE,58226,"(17, 7)",330,xiaizoez,162,1
0x231,Temp: 18.07 C,81.39702695,31.94772351,Beta,2026-06-12,0.7926841913,-17.00548471,B-A-B,FALSE,41335,"(17, 6)",409,uaeyuzux,380,0
0x2e6,Temp: 16.55 C,61.52194382,53.0828592,Gamma,2026-06-13,0.02771223433,22.56187915,A,F,60547,"(15, 5)",422,zzoxxiiy,443,0
0x364,Temp: 16.57 C,30.62536208,76.52255219,Alpha,2026-06-14,77.69435821,18.6691554,B-D-D,0,36162,"(15, 18)",600,eozuyooz,349,0
0x68,Temp: 42.58 C,62.38958363,52.16907473,Beta,2026-06-15,226.2385404,-21.44380697,A,T,99449,"(18, 6)",866,zeizoooa,969,1
0x13d,Temp: 36.61 C,52.70414639,15.148156,Gamma,2026-06-16,0.006422318545,17.46000281,D,T,34687,"(2, 17)",568,oozuxaox,31,1
0x25a,Temp: 30.92 C,42.60833839,95.24329229,Alpha,2026-06-17,0.04632443179,-21.33768026,B-C-A,1,20995,"(4, 12)",63,oezzexza,71,0
0x362,Temp: 24.35 C,13.07103767,93.9024644,Delta,2026-06-18,0.4319562249,21.34388922,A,1,66488,"(19, 2)",508,uaaeeuyy,397,1
0x1f1,Temp: 45.09 C,88.66042152,79.88186934,Beta,2026-06-19,0.05537575675,-20.76840414,B-C-D-C-A,TRUE,12631,"(2, 14)",935,youoxxiy,438,1
0x3ca,Temp: 25.70 C,44.97846488,98.22818324,Alpha,2026-06-20,4.562618359,18.01114296,A,1,44954,"(15, 2)",465,eiiezizy,2,0
0x37e,Temp: 42.66 C,19.46225118,58.45892762,Beta,2026-06-21,0.1124983632,-20.49909638,B-D-B-A,1,15967,"(4, 19)",580,azoyzuea,929,1
0x1ec,Temp: 27.57 C,36.77593509,95.68638317,Beta,2026-06-22,661.9355558,-17.63388763,C-C-B-D-B,TRUE,98294,"(9, 7)",274,xuuzuiii,562,0
0x132,Temp: 25.08 C,41.41297525,16.72884861,Beta,2026-06-23,35.57509388,-19.49447349,D,F,97278,"(13, 12)",826,yziaizeu,135,1
0x72,Temp: 28.51 C,82.75378956,42.5455866,Alpha,2026-06-24,1.892165787,-22.0588262,C-A-D,TRUE,74471,"(3, 13)",425,azxixuau,146,0
0x3bd,Temp: 22.06 C,73.36143806,30.05893285,Gamma,2026-06-25,21.77927414,-21.59340385,A-B-A-D-A,1,47116,"(15, 14)",415,xyaoyaiz,179,1
0x28d,Temp: 39.90 C,76.93048936,27.42914449,Alpha,2026-06-26,27.59683999,20.03036589,A-D-C,T,44227,"(9, 13)",527,xuzuueei,264,0
0x3df,Temp: 30.11 C,1.103126443,22.53146245,Beta,2026-06-27,0.1841798664,18.05038685,A-C-B-D-B,1,11942,"(4, 8)",891,ozeayxiy,311,1
0x230,Temp: 19.29 C,41.61539982,65.3948141,Alpha,2026-06-28,0.08641001171,-21.29117542,C-A-A-A-D,0,57664,"(3, 2)",825,oyzaueao,204,0
0x316,Temp: 45.98 C,48.13441516,79.53764516,Delta,2026-06-29,1.264186951,20.03876248,D-C-D-D-B,0,38069,"(19, 8)",688,iyaziuoo,811,1
0x2a2,Temp: 25.36 C,1.919227682,61.46855755,Gamma,2026-06-30,13.26207388,15.3593688,A-A-A-B-B,0,97342,"(17, 13)",525,yexozaza,699,1
0x3c3,Temp: 31.74 C,25.98132087,23.07968115,Alpha,2026-07-01,1.517677485,21.56525965,B-A,F,24407,"(7, 9)",893,auooayze,30,0
0x34a,Temp: 46.26 C,76.02898231,82.19001552,Delta,2026-07-02,0.008817742037,19.95153433,C-B-D-B,FALSE,69201,"(12, 14)",886,yeoyzoio,59,0
0x154,Temp: 34.97 C,13.71097057,66.59996894,Gamma,2026-07-03,0.08995251744,22.4049025,A,0,90093,"(14, 15)",219,yzaxuzoo,9,1
0x297,Temp: 14.68 C,53.53101315,44.54674785,Delta,2026-07-04,0.8009805689,17.80945896,D-A-A-C,T,64348,"(3, 15)",398,azixzoee,988,1
0xc3,Temp: 47.59 C,21.5201872,69.9975963,Gamma,2026-07-05,0.7969233221,-13.64659237,C-B,F,91981,"(19, 14)",803,euuzxooo,324,1
0x341,Temp: 35.11 C,1.212077464,33.13154315,Alpha,2026-07-06,371.5288541,20.55816772,B-D-A-B,FALSE,27878,"(8, 5)",95,uxoaiyzz,167,0
0x248,Temp: 23.40 C,24.12014576,40.72210656,Delta,2026-07-07,0.01563936998,20.58312735,C,FALSE,93100,"(19, 4)",478,eezaoxxu,337,0
0x1fa,Temp: 15.57 C,97.58737549,91.65624004,Beta,2026-07-08,4.557470367,16.61865674,C-B-A-B,0,88629,"(14, 16)",804,oxoeyyye,907,1
0x14a,Temp: 41.76 C,80.15371119,35.854901,Delta,2026-07-09,87.1246041,-18.04300091,D-D-B,1,65420,"(6, 6)",180,uyeoyaua,379,0
0x350,Temp: 34.80 C,95.95766443,51.82895587,Gamma,2026-07-10,910.8235919,25.51043549,C-B-A-B-D,TRUE,53168,"(3, 15)",182,zouauozx,898,1
0x2f2,Temp: 31.34 C,48.78540439,89.22256123,Alpha,2026-07-11,0.2972468711,19.38877877,A,1,64862,"(3, 11)",786,yzuyzyxo,791,0
0x10e,Temp: 45.76 C,10.97361987,72.98720017,Gamma,2026-07-12,4.367926268,21.46191795,C-D,1,99622,"(3, 10)",931,uuxexxxo,703,1
0x280,Temp: 41.54 C,54.7959489,15.53608713,Delta,2026-07-13,5.524987979,-18.69868035,C-A-C-B-C,FALSE,92025,"(18, 1)",678,zixuaexx,242,1
0x87,Temp: 16.07 C,45.43773346,23.10997094,Delta,2026-07-14,1.797586972,15.8193942,D,FALSE,38004,"(16, 16)",800,exuixexo,790,0
0x270,Temp: 22.47 C,84.43570827,10.69790158,Beta,2026-07-15,0.7433891594,-19.65948351,C-D-D-D-B,F,30471,"(10, 1)",485,uuizooiy,957,1
0x103,Temp: 19.94 C,9.808258078,66.15203933,Alpha,2026-07-16,3.698495697,19.46879088,A-A-A-A-B,F,70167,"(4, 3)",87,yzazyzxo,666,0
0x3aa,Temp: 39.76 C,48.8241137,49.84293486,Alpha,2026-07-17,0.0005020864431,-19.20024352,B-D-B,FALSE,93828,"(5, 12)",423,zaauxuey,908,0
0x31e,Temp: 11.34 C,15.00486647,21.95046173,Delta,2026-07-18,7.738504642,-19.77071833,B,T,75308,"(12, 13)",227,uooxaoyu,160,0
0x156,Temp: 32.80 C,32.46759269,95.25613677,Alpha,2026-07-19,1.460142029,-20.52853654,B-A-D-A-B,T,93969,"(12, 16)",339,yzuxzyuy,777,1
0xb9,Temp: 40.50 C,73.73570774,57.13971543,Beta,2026-07-20,0.5130280842,19.6997661,B-D-C-C,TRUE,24568,"(13, 5)",310,ixxoxeoo,235,1
0x37f,Temp: 45.07 C,47.60181294,31.52850318,Gamma,2026-07-21,464.3258586,-17.47198766,B-B-D,FALSE,19466,"(4, 15)",933,zzyiozau,453,1
0x2a5,Temp: 23.68 C,37.58882851,54.55371783,Alpha,2026-07-22,0.1320199731,-20.97236958,D-D-A-C,0,67324,"(12, 19)",407,uxyiuaie,858,0
0x30d,Temp: 42.85 C,39.44762786,70.48620961,Delta,2026-07-23,0.2984275864,-16.10125649,A-A-A-C-A,F,25467,"(19, 11)",169,uoayyauz,199,1
0x290,Temp: 14.43 C,45.94467684,16.7852904,Gamma,2026-07-24,393.3343079,-15.89928509,B-D-B-D,FALSE,85955,"(6, 9)",332,zxeoeeuo,477,1
0x2a1,Temp: 43.86 C,78.50165438,34.44863954,Gamma,2026-07-25,0.08239884044,21.47836099,A-D-C,T,62948,"(1, 12)",298,uuxayxyx,33,1
0x2e9,Temp: 15.10 C,89.20846889,81.81992869,Beta,2026-07-26,0.1919834999,21.01404054,C,FALSE,26676,"(14, 6)",678,uxyxioay,408,0
0x37f,Temp: 25.89 C,95.53346865,50.91017347,Delta,2026-07-27,0.6433436367,19.88520927,D-C-D-D-D,T,41514,"(1, 2)",823,oaziuzyz,89,1
0x7f,Temp: 41.89 C,78.69033863,58.64536564,Alpha,2026-07-28,12.4560126,17.20910299,B,FALSE,32650,"(11, 3)",578,aaaizoia,607,0
0x2cf,Temp: 16.00 C,31.54068957,48.5206242,Delta,2026-07-29,1.865273185,-18.58417812,B-B-C-D,0,98290,"(10, 6)",435,xaxuixie,221,0
0x28f,Temp: 19.17 C,68.81347061,13.9070949,Gamma,2026-07-30,0.02069473329,19.4745065,D-B-A-B,TRUE,87701,"(6, 2)",621,oexezyox,69,1
0x1b7,Temp: 38.89 C,43.76031241,24.7517304,Delta,2026-07-31,0.2026032412,-16.80821206,C-D-A-C,0,20683,"(10, 6)",72,uzuooxiy,294,0
0x381,Temp: 38.80 C,25.4670622,49.65320585,Alpha,2026-08-01,0.1616917879,18.52194268,D-A-D,T,69819,"(17, 14)",784,xziiixaa,237,1
0x1ae,Temp: 35.65 C,84.08715794,28.61750642,Alpha,2026-08-02,0.7932132836,21.30466068,A-B-A,F,90978,"(5, 17)",101,uaaiioix,907,0
0x2e3,Temp: 37.76 C,3.842634896,14.44813355,Beta,2026-08-03,3.587770489,22.85461073,A,F,14860,"(2, 9)",498,oyozazia,160,0
0x25d,Temp: 31.71 C,90.17619921,85.0848201,Alpha,2026-08-04,3.506496068,-19.16113049,A-D-A,1,13729,"(12, 19)",189,iayaaxyz,832,0
0x1bf,Temp: 20.07 C,46.14774646,97.3261351,Alpha,2026-08-05,0.004853596696,21.51297671,D-D-B-A-C,0,41351,"(7, 9)",564,uyaeeexo,840,1
0x23c,Temp: 23.83 C,63.72014768,80.58971579,Delta,2026-08-06,24.33274472,16.17187986,A,FALSE,72744,"(16, 11)",877,zayexoze,788,1
0x14a,Temp: 17.26 C,65.93539222,85.98685803,Delta,2026-08-07,2.133377785,21.31890248,B-A-C-A,TRUE,34346,"(12, 15)",480,iuauuiii,290,0
0x121,Temp: 46.34 C,89.51177407,31.5359646,Gamma,2026-08-08,63.66252868,-18.39210317,D-B-A,FALSE,84155,"(18, 19)",409,oeyaixza,879,1
0x144,Temp: 33.34 C,63.66696822,95.49580082,Beta,2026-08-09,3.790867868,20.61469123,A-C,FALSE,86700,"(16, 15)",165,zyaaiiey,554,0
0x1e4,Temp: 26.03 C,61.39335848,27.5263877,Delta,2026-08-10,27.22045937,19.50449516,D-C-B-A-B,0,16955,"(5, 11)",309,iiaeuixi,904,0
0x1dc,Temp: 28.48 C,6.665204056,94.67725312,Alpha,2026-08-11,4.053723877,-22.64082802,C-D-C-B-B,TRUE,75642,"(15, 18)",639,uayeayoi,578,1
0x17e,Temp: 47.89 C,51.84080219,98.53891716,Gamma,2026-08-12,56.75122651,-18.2511287,C-A-C-B-A,1,80290,"(13, 4)",825,yxyoioui,533,1
0x2dc,Temp: 16.13 C,15.01690008,73.34332971,Delta,2026-08-13,4.791061086,21.2552126,C,FALSE,54293,"(17, 4)",760,xiozeoiz,335,0
0x2d7,Temp: 33.45 C,73.74337687,97.32179213,Beta,2026-08-14,0.74546601,19.44098507,C,TRUE,71336,"(16, 15)",516,iyzeaeax,582,0
0x34c,Temp: 30.24 C,51.22219208,60.68904038,Beta,2026-08-15,913.5189878,19.68338904,A-C-D,1,31662,"(14, 12)",489,iyzuuoez,773,1
0x166,Temp: 34.46 C,68.02277792,33.0992187,Gamma,2026-08-16,14.39831761,-19.63229221,D,FALSE,16408,"(3, 10)",317,ezuaeaaa,502,0
0x1ca,Temp: 10.72 C,4.16729006,48.89263382,Gamma,2026-08-17,5.591419905,-18.30865379,D-D-A,TRUE,50403,"(8, 6)",711,ayooyuzo,246,0
0x329,Temp: 44.88 C,8.479201605,62.82692325,Gamma,2026-08-18,0.02173322139,-19.97180207,A-A-D-C,0,11225,"(14, 17)",596,zxyexyoe,323,1
0x22b,Temp: 47.28 C,71.63233881,16.50425902,Gamma,2026-08-19,0.02096453974,19.87470356,A,F,22196,"(19, 16)",107,zezauaya,747,1
0x1fe,Temp: 32.61 C,7.2084336,65.38855055,Gamma,2026-08-20,2.406435114,-20.4824805,D-A-C-C-A,F,79786,"(15, 15)",360,xzzozxox,939,1
0x2ec,Temp: 37.87 C,7.125672777,97.32482747,Alpha,2026-08-21,1.547380642,20.16901029,B,FALSE,25372,"(1, 12)",578,eozoxiey,784,0
0x1a1,Temp: 46.90 C,1.210847523,26.91958083,Alpha,2026-08-22,0.1584418397,-21.5959891,D-D,FALSE,27279,"(10, 14)",605,zezyixxe,611,1
0x308,Temp: 38.29 C,95.65013983,80.54096535,Delta,2026-08-23,1.526455069,-21.84701723,A,TRUE,64240,"(10, 10)",326,xuuzyizo,329,1
0x144,Temp: 16.10 C,73.75083595,90.80299265,Beta,2026-08-24,117.4345062,-17.89875336,B-A,F,48187,"(11, 16)",561,zuzyzxiy,547,0
0x396,Temp: 33.05 C,35.32514085,93.98944176,Alpha,2026-08-25,8.054310578,21.737545,D-A-A,FALSE,58481,"(9, 15)",615,yuaieyue,339,0
0x14d,Temp: 34.27 C,29.65355813,95.45206879,Alpha,2026-08-26,0.03261361208,17.62732715,B-C,1,38475,"(14, 19)",876,iuezoyoa,171,1
0x30f,Temp: 26.97 C,34.97032297,56.40990785,Alpha,2026-08-27,0.7156768924,21.17571178,B-C-C-C-B,FALSE,54552,"(9, 4)",938,xixxeaio,110,0
0x2fb,Temp: 39.46 C,77.46535312,96.98040381,Delta,2026-08-28,0.08937632592,21.23947757,A-A,F,77969,"(7, 8)",181,xexuoxuu,994,0
0x39e,Temp: 47.37 C,66.13706111,77.40060843,Gamma,2026-08-29,0.3125159568,-16.17736622,B-B-A,T,86534,"(8, 19)",386,eeuaxuue,807,1
0x1d9,Temp: 47.02 C,18.51955679,24.38875783,Delta,2026-08-30,0.2891392142,20.18595849,D-A-B-C-D,F,16858,"(15, 16)",914,xioexxzy,10,1
0x303,Temp: 28.03 C,17.41093353,52.44410948,Beta,2026-08-31,0.2386071632,-19.06300777,A-B-D-A-C,1,84486,"(9, 12)",391,aoeeiyya,202,1
0x2c3,Temp: 14.53 C,9.839564971,73.93147461,Beta,2026-09-01,0.02315820541,18.48246948,A-A-D-B,TRUE,84474,"(16, 4)",819,zzyazxxe,916,0
0x23b,Temp: 49.39 C,66.03027197,32.01328811,Beta,2026-09-02,0.6818374146,22.70170466,A-C,1,35168,"(5, 8)",287,zieyuxuy,257,0
0x14c,Temp: 43.56 C,76.43726622,67.01475134,Beta,2026-09-03,0.1860345424,-18.69264172,A-D-C,T,42099,"(1, 6)",287,ziexieeu,262,0
0x317,Temp: 14.99 C,26.50464283,69.32744264,Alpha,2026-09-04,0.0001524999835,-18.38724614,A,T,81180,"(15, 4)",933,oyaxaziz,693,1
0xd4,Temp: 46.83 C,2.094496103,24.4802772,Alpha,2026-09-05,472.9151916,20.15138988,D-A-A-C,FALSE,71455,"(11, 5)",784,zauoxyee,430,0
0x3a1,Temp: 44.80 C,8.217166748,60.29259281,Delta,2026-09-06,26.21440222,21.37117949,A-C-B-C-C,FALSE,64240,"(18, 15)",137,yuxayeau,507,1
0x254,Temp: 30.75 C,96.78600348,78.67479508,Gamma,2026-09-07,0.3233880852,-19.71670283,A-A-B-A-B,F,84796,"(18, 13)",185,eioayxaa,66,1
0x21d,Temp: 33.65 C,29.54447775,54.40171414,Beta,2026-09-08,1.058081274,-22.33274109,C,0,64592,"(5, 1)",334,ayuuxuyx,806,0
0x297,Temp: 25.96 C,76.92231478,11.07717739,Delta,2026-09-09,0.0297489024,-21.06195132,B-B-D-A-C,1,57458,"(18, 14)",230,zxuzeuei,673,1
0x16f,Temp: 12.19 C,62.46635689,10.80442375,Alpha,2026-09-10,161.9307271,-15.64357736,A-D-A-C-B,F,68046,"(5, 6)",276,uiuioiea,579,0
0x261,Temp: 23.41 C,38.19396397,41.77561161,Alpha,2026-09-11,296.4462986,-18.94106607,B-D-D,0,26488,"(16, 12)",766,xiayoozy,612,0
0x38a,Temp: 42.11 C,20.56872622,92.43127209,Gamma,2026-09-12,1.600124094,18.8763158,B-C,F,68841,"(18, 2)",615,yzyeyezi,589,1
0x1e5,Temp: 10.19 C,12.13864182,30.35223338,Gamma,2026-09-13,21.5546578,20.95872191,A,T,10395,"(13, 17)",723,zuyyozza,35,1
0x1e6,Temp: 23.34 C,61.5012968,66.45836831,Gamma,2026-09-14,1.691913838,14.75036589,A-A-C-D-C,FALSE,62669,"(17, 16)",579,uoiyoeaa,975,1
0xd4,Temp: 25.93 C,77.46337806,29.76475249,Delta,2026-09-15,0.0181301983,25.09801942,C-D-C,FALSE,20845,"(18, 8)",97,ezyyueya,557,0
0x2c8,Temp: 31.50 C,64.39042535,38.62862908,Alpha,2026-09-16,0.2906980711,-21.06205219,A-B-C,F,46059,"(3, 17)",334,yiyuxoxi,662,0
0x2d4,Temp: 46.79 C,53.03021332,85.47574597,Alpha,2026-09-17,1.485548256,-20.29775361,C-C,FALSE,28394,"(18, 6)",117,xyuaaixz,491,0
0xb4,Temp: 23.85 C,4.195122343,74.86866836,Gamma,2026-09-18,0.2557274229,-22.36313543,D,TRUE,55906,"(8, 13)",875,zuoyxzzx,580,1
0x31e,Temp: 23.88 C,96.84887776,18.49053568,Beta,2026-09-19,0.5189437245,24.68730811,A,F,69332,"(8, 19)",910,oeyiyuio,254,0
0xd4,Temp: 39.50 C,79.87141917,48.15447987,Gamma,2026-09-20,0.7601810332,-21.74149329,D-A,T,47305,"(6, 15)",486,uaayuiia,17,1
0x65,Temp: 28.09 C,29.28220367,12.59610896,Delta,2026-09-21,0.7845574379,-21.89762619,C-D-C,F,52628,"(10, 17)",410,aouizoia,261,0
0x2e5,Temp: 18.98 C,97.99703294,52.79922305,Gamma,2026-09-22,1.169732946,20.26138005,A,F,31352,"(1, 7)",934,ueuxzzze,725,positive
0x13f,Temp: 28.10 C,60.18815896,68.95662704,Gamma,2026-09-23,0.04151023734,19.71694849,C-A-B,FALSE,96682,"(13, 3)",875,yyoeeouo,825,1
0x299,Temp: 15.63 C,58.24226582,20.5467335,Delta,2026-09-24,0.1163620943,19.04840911,A-D-A-A,T,92971,"(19, 15)",319,xayayezo,256,1
0x3ba,Temp: 17.06 C,74.80731794,35.71075956,Gamma,2026-09-25,0.02120002756,-18.34777602,A-B-C-C-B,F,61993,"(5, 11)",535,oozxxzuz,728,0
0x343,Temp: 29.93 C,81.17697881,45.40745967,Alpha,2026-09-26,18.79228943,-18.6259718,C-D-C-C,FALSE,49386,"(18, 3)",299,iyiizyuo,863,1
0x144,Temp: 26.76 C,65.64786073,91.83826119,Beta,2026-09-27,0.001805458278,17.29888807,B-C-C-C,1,66624,"(6, 3)",226,izozeieu,424,1
0x1e4,Temp: 46.59 C,12.80957464,98.39969637,Gamma,2026-09-28,31.84151782,19.8482571,A,T,67065,"(5, 9)",61,axyzuuui,501,1
0x1f6,Temp: 24.50 C,33.8267506,13.99710561,Delta,2026-09-29,64.01056781,-16.63066485,B-C-D-B-B,0,95504,"(19, 13)",207,exiayyxy,286,0
0x2e1,Temp: 33.22 C,92.80836403,77.72970519,Beta,2026-09-30,0.4039186588,20.38183305,D-C,TRUE,18539,"(6, 11)",811,yuoaezai,938,0
0xe5,Temp: 35.29 C,22.46156118,43.08344191,Delta,2026-10-01,0.0004058969438,-19.92733878,C-C-B-B-B,0,11263,"(14, 6)",783,yozixuyu,7,1
0x98,Temp: 10.52 C,37.21670238,44.92877857,Beta,2026-10-02,0.338262964,20.2938706,A-A-C-B-D,T,23305,"(6, 17)",337,auuxeeiy,497,1
0x30f,Temp: 36.54 C,43.20768829,77.12958263,Beta,2026-10-03,0.8248510257,18.95573686,A-D-D,F,63817,"(11, 15)",661,ieaeioyu,892,1
0x33d,Temp: 17.12 C,43.94049897,91.73995246,Gamma,2026-10-04,0.04822900575,26.15372074,B-D-B-D-C,FALSE,34398,"(9, 17)",724,xoouezya,199,1
0x303,Temp: 48.44 C,61.29395825,94.63264491,Alpha,2026-10-05,0.213172159,-22.7202318,A-C-C,T,85801,"(7, 7)",179,oaxxxiox,603,0
0x329,Temp: 15.95 C,94.30758377,61.36391016,Gamma,2026-10-06,98.55212506,-17.510915,D-D-B,TRUE,59107,"(1, 8)",893,ixeoixyi,984,1
0x203,Temp: 26.58 C,24.06927118,41.78378318,Delta,2026-10-07,7.350596651,20.46573617,C-D-A-B,T,42152,"(5, 19)",300,xeazxaoe,659,0
0x15a,Temp: 13.41 C,12.15013763,80.09186864,Delta,2026-10-08,0.06243106174,-18.78398771,D-C,FALSE,40624,"(8, 17)",200,yoyaeuee,937,0
0x3a7,Temp: 49.87 C,19.74704899,32.33912311,Beta,2026-10-09,0.008289235706,17.97104055,A-B-C-C-D,0,66132,"(19, 12)",334,yuiiiaex,418,1
0x21a,Temp: 30.09 C,88.69249002,60.20258857,Beta,2026-10-10,0.3749164969,17.31985586,A-D-B-C,1,62979,"(15, 4)",182,uxauxzya,662,1
0x12e,Temp: 33.82 C,64.58108127,41.91348308,Alpha,2026-10-11,0.5270971837,-20.86443338,D-B-A,0,68013,"(12, 13)",797,azauxxoa,52,1
0x11b,Temp: 12.68 C,28.59067892,68.44016556,Gamma,2026-10-12,4.43087713,-18.63723953,A-D,FALSE,73797,"(14, 5)",503,ieyyoouo,243,1
0xde,Temp: 40.00 C,81.5946939,31.39550325,Delta,2026-10-13,0.2006987728,-21.93565205,A-B-B-A,FALSE,61798,"(16, 7)",326,xuuyyiaz,219,1
0x1f4,Temp: 18.40 C,86.13699964,27.05177217,Beta,2026-10-14,4.638999538,-21.98756443,A-D-A-D,TRUE,26650,"(15, 13)",521,zoaaauao,518,0
0x362,Temp: 45.92 C,84.65143387,91.72327871,Alpha,2026-10-15,332.108632,22.74782877,C,T,36014,"(16, 12)",771,uouzeeze,970,0
0x189,Temp: 18.21 C,91.89265336,19.06052778,Delta,2026-10-16,11.54789382,-18.29522647,B-A-B-A,T,86421,"(7, 16)",689,ezuaziyx,109,1
0x17b,Temp: 17.63 C,25.22410202,55.03025379,Beta,2026-10-17,0.8656578663,-20.95073122,A,0,17434,"(13, 3)",624,ieaoaoia,351,0
0x3a8,Temp: 11.46 C,75.50419287,29.65589768,Delta,2026-10-18,0.5772664043,21.26490843,B-B,1,40028,"(15, 3)",100,axziaoya,921,0
0x3d7,Temp: 28.88 C,46.05394973,13.46476674,Alpha,2026-10-19,0.3430018622,19.05164365,D-C-D-D,1,76558,"(7, 18)",79,oeaoyiea,66,0
0x2c5,Temp: 32.59 C,84.19985529,13.20567483,Alpha,2026-10-20,34.53325378,18.45645609,C-C-D-A-A,TRUE,34331,"(14, 18)",65,xoyxaoae,10,1
0x129,Temp: 12.63 C,72.84906772,25.59473772,Delta,2026-10-21,0.1522943165,23.21904133,B,FALSE,77573,"(19, 14)",834,yyeaauay,202,0
0x262,Temp: 41.02 C,77.64474465,87.14256155,Gamma,2026-10-22,1.145301736,-20.45499175,A-A-C,TRUE,84292,"(6, 8)",763,axxexaiz,794,0
0x353,Temp: 28.13 C,65.61618377,35.14060821,Delta,2026-10-23,1.166017044,-21.2719355,B-A-A-D-A,T,56326,"(7, 18)",669,azyuoyze,901,1
0xf3,Temp: 30.98 C,17.74287695,94.59086618,Beta,2026-10-24,0.2219390291,18.35584798,C-C,F,92979,"(18, 15)",610,xiyoiexu,214,0
0x2c4,Temp: 27.63 C,54.50269189,61.76438408,Gamma,2026-10-25,0.0162868598,17.56143107,C-A,F,14123,"(19, 2)",397,zyyyzeii,68,0
0x12c,Temp: 26.03 C,98.46697395,48.85866289,Beta,2026-10-26,2.635106269,-18.86110045,A-A-B,F,26603,"(8, 11)",60,eyaexxue,759,0
0xdf,Temp: 32.39 C,93.73880665,61.62790629,Delta,2026-10-27,0.8327582329,-19.75195723,B-D,FALSE,75941,"(18, 13)",867,ozzxxxao,866,1
0x11e,Temp: 16.21 C,4.31737358,55.98615629,Gamma,2026-10-28,4.484923365,-17.87155999,A-D-D-C,TRUE,52597,"(9, 9)",122,yyeaxyoy,327,1
0x1a9,Temp: 17.28 C,16.48148157,77.53108658,Beta,2026-10-29,0.2017348799,-19.98031038,B-B-A,0,73238,"(17, 7)",392,zoayxazi,50,0
0x233,Temp: 44.47 C,13.17287735,35.14214987,Delta,2026-10-30,38.95721125,-16.62298962,A-A-C-C-A,T,94238,"(9, 1)",274,xaeyxuxi,17,0
0x1c0,Temp: 47.84 C,72.597991,41.42148485,Delta,2026-10-31,0.072055304,17.75990516,A-D-B-C,F,52719,"(2, 4)",690,azuiezzx,523,0
0x366,Temp: 24.93 C,81.77853299,89.57439293,Gamma,2026-11-01,170.0548194,21.3418225,D-A-C,1,51751,"(14, 4)",480,yuyzaaei,821,1
0x2f7,Temp: 20.83 C,21.35113663,94.23462967,Delta,2026-11-02,0.005284857995,21.20758104,B-B-C-A,TRUE,96978,"(2, 8)",462,ueiooiaa,306,1
0x35f,Temp: 35.76 C,50.5852693,89.43768225,Alpha,2026-11-03,3.68514618,19.21624647,C-B-A-D,T,27693,"(18, 19)",425,ozayzaix,392,0
0x1f6,Temp: 26.35 C,84.0703028,47.33087146,Beta,2026-11-04,4.163233465,-17.96447138,A-B-A-C-D,T,99541,"(14, 10)",94,iaiuoxzz,988,0
0x1bd,Temp: 11.02 C,73.28015448,79.45252977,Beta,2026-11-05,0.09193520865,17.9451929,A-C-D-D-B,1,47697,"(17, 8)",500,uuaazuuz,124,0
0x262,Temp: 16.25 C,54.22372055,52.39388026,Delta,2026-11-06,3.572200575,-19.25346351,D-C,1,39992,"(14, 8)",418,eeyouixe,504,0
0xf6,Temp: 38.64 C,59.03476905,54.28104684,Delta,2026-11-07,46.45834057,-21.28903698,B-A-C,1,73825,"(5, 16)",775,zauixiyi,225,1
0xf7,Temp: 36.36 C,50.83605469,28.21652971,Alpha,2026-11-08,0.001293431496,-21.85649138,C,F,19522,"(8, 10)",215,aeixeyyo,756,0
0x3c3,Temp: 11.08 C,29.75484513,62.61059699,Gamma,2026-11-09,4.518745552,-19.00693653,B-A-A-D,F,55406,"(8, 9)",804,aeyyeizx,318,0
0x32a,Temp: 18.88 C,56.50219929,26.5660949,Delta,2026-11-10,0.0005643632458,-17.69301515,C-D-B-A-C,TRUE,22121,"(18, 3)",118,ixyyaeuy,473,1
0x397,Temp: 19.24 C,68.88853021,39.50925822,Delta,2026-11-11,0.05518884604,-20.53568728,C-C-C-D-B,1,24219,"(17, 15)",409,xxzziiyy,981,0
0x24c,Temp: 36.88 C,87.33229159,86.09768794,Delta,2026-11-12,132.6214852,-18.35293006,B,0,11617,"(17, 8)",271,oxaeezex,844,0
0x2e3,Temp: 10.79 C,63.6291354,28.42974702,Delta,2026-11-13,0.1745845548,18.96349472,B-A,T,53016,"(2, 17)",471,iaexuyoo,891,1
0x28a,Temp: 14.16 C,76.1121537,16.33308738,Beta,2026-11-14,0.02955093503,-22.65055218,B-D-C,1,60672,"(18, 5)",492,eioozooe,858,1
0x1b5,Temp: 42.00 C,16.0071635,16.14167574,Delta,2026-11-15,0.5522175561,21.65423086,A-D-A,T,34276,"(9, 9)",508,zxaaixyu,541,1
0x3cb,Temp: 17.14 C,46.15574744,93.72982232,Beta,2026-11-16,494.5849938,20.31594862,A-D-D-D,FALSE,82240,"(2, 2)",380,auazazzi,358,0
0x2e4,Temp: 36.11 C,0.9331619827,55.11591898,Delta,2026-11-17,0.00410706449,-17.456162,C-D,FALSE,65735,"(19, 3)",819,oizzaxox,483,1
0x36e,Temp: 19.53 C,24.66788645,46.43767439,Gamma,2026-11-18,0.04268405981,-20.42279313,C-C-A-C-A,1,27959,"(17, 14)",311,xxoxouzy,869,1
0x23c,Temp: 13.98 C,72.64617151,82.16819371,Alpha,2026-11-19,89.3262189,22.12531458,B,T,38522,"(14, 14)",413,aexiuieo,878,0
0xfa,Temp: 19.73 C,99.18099513,84.38850758,Gamma,2026-11-20,263.2507581,19.24873267,B,FALSE,66087,"(6, 3)",98,eizzezae,940,0
0x202,Temp: 38.89 C,9.917809959,39.56500195,Delta,2026-11-21,0.7332315944,22.70222818,B-A-C,1,19953,"(1, 16)",708,xaxyyeaz,877,1
0x18d,Temp: 44.23 C,40.14943159,71.73200712,Delta,2026-11-22,0.02430293613,22.58549058,B-D-C,T,36567,"(4, 1)",123,ayeuoooz,429,1
0x2c6,Temp: 43.21 C,80.00709687,78.62993061,Delta,2026-11-23,537.8235355,-23.32746566,D-D-C-B-D,1,70523,"(17, 18)",185,azyoyayu,797,1
0x16a,Temp: 25.89 C,20.40356346,68.26391113,Gamma,2026-11-24,119.5012911,-20.61048625,C-A,F,72708,"(8, 2)",730,zeyyeaaz,497,1
0x35f,Temp: 36.72 C,55.50849493,23.49196166,Delta,2026-11-25,7.666352616,-21.1747834,A-B-B-A,T,32560,"(18, 16)",66,yuoueexo,472,0
0xf3,Temp: 18.20 C,73.3071296,87.95359443,Gamma,2026-11-26,0.08740462791,22.82837458,D-C-C-A,FALSE,68390,"(10, 8)",331,yexaeiox,571,1
0x1bd,Temp: 21.73 C,61.59854503,57.97941519,Beta,2026-11-27,0.8632179915,-20.89478787,B-D,1,78149,"(12, 16)",621,ooiuaoez,655,1
0x2d3,Temp: 45.85 C,18.80247346,35.14004595,Alpha,2026-11-28,0.6181153162,18.99753178,D-A-C-C-C,FALSE,46660,"(12, 11)",583,aeayaxez,838,0
0x29f,Temp: 10.52 C,35.53845687,47.8453085,Alpha,2026-11-29,2.698116438,-19.10291433,C-D,1,55104,"(19, 1)",599,eyaozeyz,864,0
0x3d4,Temp: 13.42 C,78.37917845,13.34382705,Gamma,2026-11-30,77.71158259,20.47710991,A-D,TRUE,67805,"(3, 12)",235,iiauayao,300,1
0x65,Temp: 18.32 C,55.42265141,21.38014531,Beta,2026-12-01,13.98871766,-17.41887716,A-B-D-D,FALSE,34496,"(9, 5)",206,oxyuzyyu,738,0
0x3e4,Temp: 11.06 C,0.5229613543,78.1336608,Gamma,2026-12-02,0.03947340082,-19.71348217,B-B-B-D,FALSE,93301,"(1, 10)",567,yuuuyyay,676,0
0x193,Temp: 17.26 C,76.099076,10.00103549,Beta,2026-12-03,62.14617989,22.19309424,C,0,13515,"(17, 4)",513,axiixxea,84,0
0x161,Temp: 33.32 C,3.531135494,47.07435873,Delta,2026-12-04,2.558436731,15.6174923,D-D,F,14454,"(15, 19)",668,uzeoayxi,377,1
0x2ef,Temp: 26.86 C,74.57337827,56.50340612,Beta,2026-12-05,7.855370104,23.0689642,C-A-D,FALSE,32873,"(8, 15)",662,axzzayay,313,1
0x228,Temp: 45.71 C,20.24805602,14.86246338,Beta,2026-12-06,81.4201331,22.24474844,A-B-C,T,83920,"(7, 15)",513,aoiaxoze,629,1
0x88,Temp: 42.70 C,95.80734801,96.6039565,Beta,2026-12-07,0.03562382054,19.08047077,B-D-D-B-D,1,23727,"(8, 10)",780,ayoueiaa,320,1
0x103,Temp: 23.67 C,36.79407513,30.12515448,Alpha,2026-12-08,0.8980974154,-21.08678166,D,TRUE,79070,"(18, 4)",607,oziuexia,204,0
0x6c,Temp: 20.38 C,32.69316163,37.07368605,Beta,2026-12-09,0.2030376896,20.00629545,C-B,T,59979,"(15, 11)",506,ouoeyyio,355,positive
0x14c,Temp: 25.19 C,14.88880503,37.05088359,Delta,2026-12-10,0.009062789848,-22.45998074,D,T,35465,"(3, 15)",427,xxyyozao,294,0
0xc6,Temp: 33.61 C,30.56042155,30.50708293,Delta,2026-12-11,2.829584646,-21.96536629,C-C-A-B,T,63900,"(3, 15)",722,uiezxzou,504,1
0x2f6,Temp: 20.72 C,87.66507618,10.13117017,Delta,2026-12-12,1871.825908,-17.19985855,D-C-C,T,69799,"(6, 1)",375,zyxzxexz,145,0
0x393,Temp: 34.97 C,99.63343376,74.91168667,Beta,2026-12-13,0.004004913753,-21.17452483,C-A,TRUE,31330,"(14, 16)",533,uxxooyia,539,0
0x133,Temp: 26.38 C,36.83095305,96.04924948,Gamma,2026-12-14,0.9076995628,-19.58874429,A,0,18302,"(1, 17)",464,uaaxzyez,17,1
0xe6,Temp: 32.08 C,44.8610631,29.96212001,Gamma,2026-12-15,6.832077535,20.16566514,C-C-D,F,88443,"(8, 18)",70,zexyuaiy,575,1
0x1f7,Temp: 27.45 C,72.20709382,69.01120007,Delta,2026-12-16,1.44662695,18.5436562,B-C-D-C-A,FALSE,99966,"(16, 6)",88,aeaooiua,779,1
0xfb,Temp: 21.78 C,88.61957805,76.0287731,Alpha,2026-12-17,0.7122087961,-23.49627414,D,T,82717,"(10, 10)",338,ouyyouuo,576,1
0x99,Temp: 47.94 C,59.30443342,85.50985874,Gamma,2026-12-18,0.02028955433,-22.08012364,D-C-B-A-C,FALSE,22875,"(5, 12)",329,xeuyxaxo,39,1
0xdb,Temp: 40.54 C,39.15256982,47.61399853,Beta,2026-12-19,2.01045332,18.52045767,C-C-A,FALSE,37219,"(17, 14)",207,xeoiayix,130,0
0x304,Temp: 15.60 C,41.26218408,36.9608506,Gamma,2026-12-20,0.1032820245,17.33077879,A-C-A-D,T,46182,"(14, 3)",174,uxzyyzui,115,1
0x2d7,Temp: 44.74 C,69.56181465,38.95126693,Delta,2026-12-21,0.001402126712,-19.22865474,C,0,90541,"(12, 18)",593,iuezaozi,450,0
0x2ae,Temp: 29.50 C,0.3218263604,73.42329865,Alpha,2026-12-22,36.00927923,20.86900529,C-D-C-D,FALSE,52269,"(12, 2)",119,aoxoieea,950,0
0x2d4,Temp: 45.78 C,61.95893375,82.69337252,Gamma,2026-12-23,17.72821538,20.48041169,C-C-A,1,89781,"(2, 17)",621,xaueauxy,925,1
0x207,Temp: 41.99 C,35.54930104,26.16364313,Gamma,2026-12-24,1.16763803,22.50626565,A,FALSE,16457,"(10, 18)",461,oauezoae,45,1
0x209,Temp: 27.01 C,79.41973313,43.01374973,Delta,2026-12-25,1.988188782,-21.57983944,A,F,16749,"(19, 1)",639,yoieixay,216,0
0xcb,Temp: 10.90 C,9.299063982,90.27267751,Alpha,2026-12-26,25.10216351,21.93913805,C-A,T,43064,"(4, 4)",478,uaeizioa,600,0
0x3b7,Temp: 20.75 C,58.82022669,81.79572325,Alpha,2026-12-27,1.96014602,-20.6537108,A-D-B,TRUE,19821,"(2, 19)",708,aezieexi,848,1
0x161,Temp: 31.67 C,48.09728899,97.65239785,Delta,2026-12-28,15.06015726,-17.22140254,C,FALSE,88655,"(12, 10)",137,eiezuzze,415,0
0x146,Temp: 35.34 C,64.23255259,77.12809511,Beta,2026-12-29,0.4096522694,-19.60860294,C-D-B-D,0,17664,"(13, 15)",287,zzzeyuai,689,1
0xd3,Temp: 20.32 C,6.485359448,44.99437289,Gamma,2026-12-30,51.21083935,-22.12017948,A-D-C,1,39281,"(3, 13)",607,youyzaex,265,1
0x261,Temp: 15.57 C,57.99837874,62.56676723,Beta,2026-12-31,2.617859968,-19.89695414,B,1,41821,"(8, 7)",96,auxeaoii,923,0
0x23c,Temp: 43.40 C,56.1484588,68.83026863,Gamma,2027-01-01,1.789892981,21.00618074,A-C-D,TRUE,34647,"(8, 18)",733,uyeeiaeo,440,1
0xc6,Temp: 49.38 C,56.06600944,16.98256765,Gamma,2027-01-02,0.02214412032,-19.36250337,D,F,79918,"(9, 6)",408,oeeiuiuz,617,1
0xfc,Temp: 31.03 C,60.34876666,58.46022936,Beta,2027-01-03,2.365211774,-17.9403763,A-C-A-D,TRUE,91985,"(4, 15)",307,ouieuiox,381,1
0x3c0,Temp: 16.87 C,67.64679372,73.12955373,Delta,2027-01-04,0.08242514322,-19.75331187,C,F,92799,"(5, 5)",932,zuooaxui,846,0
0x3e3,Temp: 20.89 C,80.49889997,24.89159606,Delta,2027-01-05,0.1473642038,20.61809489,C-A-A,FALSE,84944,"(7, 9)",88,uuxyoooo,301,0
0x3d1,Temp: 10.74 C,26.98207201,79.47622285,Gamma,2027-01-06,0.08662845957,18.68862456,B-C-D-D-C,T,99142,"(7, 9)",819,xieayyzo,985,1
0x1b5,Temp: 46.57 C,82.50494102,61.95577747,Delta,2027-01-07,0.04081503357,19.52857751,B-A,0,37603,"(10, 4)",88,zoaoeyua,171,0
0x325,Temp: 14.71 C,49.82556823,94.74773893,Gamma,2027-01-08,586.5830196,18.12107352,A,1,56458,"(6, 14)",517,yiyaexiu,620,1
0x399,Temp: 33.06 C,7.705827913,13.77558454,Delta,2027-01-09,54.27247465,22.23848984,A,TRUE,80605,"(9, 1)",807,oaiauazy,406,1
0x106,Temp: 20.96 C,5.855092924,33.61402624,Gamma,2027-01-10,317.6984004,19.41108848,A-B-D-B,0,29623,"(17, 13)",582,yiexiauy,355,1
0x333,Temp: 32.17 C,33.42383187,63.53829526,Delta,2027-01-11,0.02550999205,22.90551109,C-C,F,54440,"(7, 9)",686,oouaxzua,161,1
0x30c,Temp: 36.06 C,78.48969771,36.39383219,Alpha,2027-01-12,1.238326969,-23.0574957,B-D-C-C-B,T,92427,"(11, 3)",766,ixzzeazo,795,1
0x104,Temp: 43.19 C,70.76809347,73.5837506,Beta,2027-01-13,0.02064003019,-19.83790807,B-C-D,1,17704,"(12, 3)",608,oyxzeaey,552,1
0x2a7,Temp: 18.26 C,78.86149647,77.55147014,Alpha,2027-01-14,0.1240482555,17.98310253,C-D,1,37460,"(15, 10)",613,ieioiaxx,26,0
0x384,Temp: 10.44 C,51.72690564,19.1239208,Beta,2027-01-15,0.06364840901,-15.82820424,B-B-C,F,93045,"(1, 14)",627,aaauzyiz,83,1
0x1f1,Temp: 15.48 C,44.0198998,55.73304731,Beta,2027-01-16,41.21292906,-17.05592585,A-D-D-C,T,92805,"(6, 2)",537,axeeuzzz,173,1
0x178,Temp: 46.00 C,14.74525267,55.29125945,Gamma,2027-01-17,0.3046203492,17.25233035,D-A-D-A,1,83511,"(8, 1)",801,iiyixxzy,999,1
0x393,Temp: 44.96 C,32.81927536,42.86598855,Beta,2027-01-18,24.65890274,-22.75693925,B-B-A-B-C,T,16565,"(4, 4)",233,zuiizzaz,685,1
0x25b,Temp: 33.90 C,43.40193662,,Alpha,2027-01-19,6.124901464,-20.23164917,A-C,1,98003,"(5, 9)",718,ixaaieoz,794,0
0x3e3,Temp: 34.02 C,8.860042968,83.64806247,Alpha,2027-01-20,1003.165978,20.77920905,A-B-C,FALSE,14870,"(13, 18)",403,xeizizze,70,1
0x1eb,Temp: 36.60 C,22.06119527,72.05163499,Delta,2027-01-21,,-15.55915798,B-C-C,F,28909,"(17, 1)",85,ixyzauii,835,0
0xea,Temp: 17.01 C,59.82252941,73.57507058,Alpha,2027-01-22,43.71536838,17.60406714,A-A-A-A-A,T,19117,"(15, 2)",482,ezaeyzxe,6,0
0x126,Temp: 46.58 C,73.56631142,51.0927368,Delta,2027-01-23,31.16583963,21.77415955,A-C,0,77474,"(16, 5)",332,izaxixii,796,0
0x1f4,Temp: 26.75 C,99.83475114,91.96851238,,2027-01-24,0.0539263251,-20.57354822,A-C-C-C-D,FALSE,54322,"(19, 5)",367,izuoayuo,195,1
0x2e3,Temp: 25.33 C,93.31133313,71.81899303,Alpha,2027-01-25,20.51999978,-19.70558944,D-B-A-C,0,30128,"(2, 7)",712,xozzzoua,525,0
0x84,Temp: 30.76 C,64.25651995,74.87931449,Beta,2027-01-26,2.741307206,-21.12968472,C-A-B-D-A,F,79001,"(3, 17)",473,eozeeiex,63,1
0x313,Temp: 11.88 C,42.12480533,86.69049044,Alpha,2027-01-27,0.5053880243,23.27159561,B,1,10440,"(3, 13)",430,xiayaxyi,13,0
0x22f,Temp: 16.65 C,63.61773647,34.39237145,Alpha,2027-01-28,0.08443219769,,D-C-B-B-A,0,70955,"(7, 3)",66,ayyoaiyx,761,0
0x3d6,Temp: 39.52 C,78.56516181,81.82931044,Delta,2027-01-29,0.1156336408,20.13873961,B-C,FALSE,59613,"(15, 18)",568,zoeeexzy,205,1
0x239,Temp: 13.31 C,11.83361909,27.37641366,Beta,2027-01-30,468.4532393,-20.38519384,D-C-A,T,80949,"(10, 7)",562,ieaeyuxu,897,1
0x1da,Temp: 34.13 C,40.99048897,40.73543375,Alpha,2027-01-31,1.002050556,-24.78421927,D-A,TRUE,21663,"(9, 5)",737,ezyeuyxx,765,1
0x79,Temp: 19.81 C,83.98022856,39.86933043,Gamma,2027-02-01,10.44778511,15.80128747,B-C,0,29547,"(8, 14)",76,exoyzyxy,40,1
0x351,Temp: 25.57 C,38.38329519,97.08876669,Beta,2027-02-02,0.09322884169,-21.36644603,A-B-D-A-C,TRUE,91662,"(4, 14)",403,uiuaoiey,165,1
0x301,Temp: 21.55 C,57.18722712,86.23181291,Beta,2027-02-03,0.09637014364,-19.7703955,D-D-A-B,F,10005,"(12, 2)",905,zaazoiaz,31,1
0x89,Temp: 24.23 C,58.77693609,72.40411768,Beta,2027-02-04,25.686214,21.13354345,B-A-B,0,17038,"(13, 1)",617,iixaioao,529,1
0x149,Temp: 38.76 C,18.44762531,74.70805178,Delta,2027-02-05,0.01744453893,18.68525489,A-A-D-C,0,16414,"(7, 9)",187,oiixzyxa,649,0
0x1d0,Temp: 21.88 C,36.22354417,60.0244787,Gamma,2027-02-06,0.2877563098,-19.90206994,B-D-C-D,T,97659,"(17, 13)",373,xezazoxx,877,1
0x296,Temp: 32.66 C,33.45112887,94.29106937,Beta,2027-02-07,1.107474539,21.42282116,B-C,1,79506,"(10, 16)",568,yxioxuuz,832,1
0x219,Temp: 29.04 C,2.619670853,54.16702901,Alpha,2027-02-08,1.396707674,-26.2258204,D-A,FALSE,86586,"(6, 16)",385,oxyeyeaa,825,0
0x36b,Temp: 36.55 C,2.419176389,43.86607618,Alpha,2027-02-09,0.58433557,21.61607238,B-C,FALSE,12606,"(11, 3)",661,yxzyaieo,909,0
0x17e,Temp: 47.47 C,83.16970437,24.51014499,Delta,2027-02-10,3.278740462,18.3038688,D-D-B,FALSE,26482,"(9, 15)",334,zyxxzuez,677,0
0x7e,Temp: 39.30 C,27.307081,79.97230305,Alpha,2027-02-11,7.993008863,19.15248064,A-D-C-B-B,F,81873,"(13, 10)",593,zeeyaiyz,398,0
0x145,Temp: 18.60 C,51.80787662,75.36550995,Beta,2027-02-12,9.060394266,-19.09317178,D-A-A-D-C,1,43948,"(13, 17)",378,oayizzei,459,1
0x178,Temp: 11.25 C,29.87255736,44.20759843,Alpha,2027-02-13,0.05195322804,-16.40871365,D-D-B,TRUE,99987,"(7, 6)",298,ayzeyaoe,793,0
0x381,Temp: 20.49 C,94.06792451,12.24221384,Beta,2027-02-14,0.4263625264,19.33981962,B-A-A,FALSE,30875,"(13, 17)",272,iazuizie,223,0
0x2c4,Temp: 33.80 C,25.92967589,84.67076217,Alpha,2027-02-15,36.02771796,21.46565816,C,TRUE,23057,"(15, 4)",164,yxiauoua,634,0
0x17f,Temp: 12.06 C,42.96568127,11.01620053,Gamma,2027-02-16,14.6426948,17.45153576,B-C-B-D-C,1,42400,"(15, 14)",309,eaxxxiey,78,1
0x3d2,Temp: 29.85 C,87.27302505,72.62928039,Delta,2027-02-17,0.01626762481,-22.0969653,C-D,F,81458,"(11, 4)",82,xyooyzax,825,0
0x244,Temp: 33.87 C,84.19335668,96.35288277,Delta,2027-02-18,2.87036644,20.97554964,A,1,78607,"(3, 2)",288,izoueuyz,839,0
0x228,Temp: 23.37 C,18.61014178,48.95185821,Gamma,2027-02-19,0.002646080612,18.53153336,B-B,T,97561,"(10, 13)",931,ooaaxyex,600,1
0x3a0,Temp: 40.84 C,80.26433098,30.91263304,Gamma,2027-02-20,1.151199804,19.71694073,D-A-B,FALSE,37503,"(18, 16)",385,zaieizxa,625,1
0x393,Temp: 14.26 C,45.81868867,72.73351989,Delta,2027-02-21,296.8719943,23.19664362,C-C-C-A-D,F,33765,"(11, 10)",338,ezxoxyuo,612,0
0x2f6,Temp: 13.01 C,48.29688721,82.72440464,Gamma,2027-02-22,0.05821116223,-21.46709563,C-B-A-C,T,56612,"(9, 12)",816,ioxzouyx,938,1
0x267,Temp: 39.13 C,13.34799724,58.63229813,Beta,2027-02-23,0.08184163852,-20.01756731,A,FALSE,94335,"(19, 1)",60,uouoeoau,938,0
0x286,Temp: 29.82 C,8.060151376,96.0661395,Alpha,2027-02-24,9.895591399,19.52463337,C-A-D-A,1,91748,"(18, 14)",487,zyuiyyia,815,1
0x123,Temp: 37.54 C,72.7939307,14.59851623,Delta,2027-02-25,0.009770334797,-20.15321814,B-D-D,1,19428,"(1, 17)",121,uyuyiiox,884,0
0x94,Temp: 27.39 C,49.64611524,54.92680825,Gamma,2027-02-26,0.1498283326,-18.97647288,A-B-D-C-C,0,41419,"(11, 15)",706,uuyozuya,428,1
0x263,Temp: 19.86 C,43.68507026,73.94240131,Beta,2027-02-27,5.98540145,-15.79050099,D-D-B-C,0,75195,"(4, 15)",537,iixieaao,425,0
0x74,Temp: 42.76 C,72.95082287,86.77500193,Delta,2027-02-28,0.1491418305,24.08435582,A-A-D,1,83695,"(14, 1)",218,euxaeeya,387,0
0x10f,Temp: 41.98 C,76.5512899,25.95374946,Gamma,2027-03-01,0.4926728273,-20.31065,B,1,99846,"(9, 7)",90,zyoeieua,239,1
0x13f,Temp: 37.79 C,15.89081677,81.20030988,Delta,2027-03-02,9.323677486,-20.79629453,C-A-D,TRUE,49142,"(11, 2)",729,zuoxiaei,858,0
0x101,Temp: 20.89 C,61.02251495,59.19092974,Gamma,2027-03-03,3.541811256,-19.8841845,D,TRUE,81540,"(2, 6)",108,eoxzzaoo,623,0
0x240,Temp: 33.61 C,13.53540823,45.2932777,Delta,2027-03-04,2.226554201,18.5297664,C-B,T,48289,"(19, 14)",264,xooeyuez,90,0
0x91,Temp: 24.44 C,75.1375086,21.72263754,Beta,2027-03-05,0.3615456963,19.62815104,B-A-B,0,86948,"(3, 7)",590,xixxxxox,385,0
0x1d8,Temp: 13.66 C,65.69551563,87.01132254,Beta,2027-03-06,3.034914782,-16.80121048,A-C,0,68951,"(7, 4)",596,ixeozezo,975,1
0x269,Temp: 46.69 C,95.66146211,23.99731553,Alpha,2027-03-07,0.6899072986,-24.554173,B,1,21755,"(5, 17)",738,ezauuoai,139,1
0xc6,Temp: 15.47 C,6.895801636,37.57111947,Delta,2027-03-08,3.948820117,17.530976,B-D,1,94553,"(4, 13)",74,ayoaioux,997,0
0x3df,Temp: 48.01 C,5.705472115,35.81405234,Alpha,2027-03-09,0.2251933133,17.93606743,C-B,T,13890,"(16, 16)",711,auueiyxa,647,1
0x34c,Temp: 27.84 C,28.21870747,87.55584904,Delta,2027-03-10,0.5782743187,-19.11948159,A-C-C-A-D,F,27175,"(2, 18)",228,uuyixzxy,524,0
0x88,Temp: 17.41 C,26.17056837,69.87056648,Gamma,2027-03-11,0.05130980689,-22.57615145,B,F,84727,"(1, 18)",570,uuuuzeey,244,0
0x17b,Temp: 31.68 C,24.69787991,80.90464435,Gamma,2027-03-12,0.9003039684,20.029018,A-D-D-D,F,75687,"(8, 11)",802,xozzaioe,505,1
0x1c0,Temp: 44.92 C,90.62545805,32.29164299,Alpha,2027-03-13,0.08777289044,17.52772841,A-C-C,0,94983,"(15, 16)",529,eeozeoeu,422,0
0x254,Temp: 39.29 C,24.95461998,65.61379487,Delta,2027-03-14,0.03536122669,-22.50867672,D-D,TRUE,98287,"(17, 17)",282,zuazeyao,182,0
0x191,Temp: 42.26 C,27.19497261,60.8853925,Alpha,2027-03-15,2.172727832,21.46200125,D-D-B-A-B,F,34288,"(12, 10)",799,aeoyouoo,195,1
0x118,Temp: 36.35 C,75.93982624,84.12190353,Beta,2027-03-16,1.893106873,-21.07686991,C-D,FALSE,56629,"(6, 8)",822,ayxoixuy,874,0
0x2c2,Temp: 37.69 C,44.97398425,90.64174838,Alpha,2027-03-17,10.47112223,-21.43146848,C-D-B-A-D,T,57800,"(13, 2)",361,yzuoaxzu,634,0
0xc6,Temp: 43.97 C,77.6710557,11.08195266,Alpha,2027-03-18,0.2743428414,-24.7887238,D,F,47367,"(19, 10)",838,uiozxuyu,53,0
0x31f,Temp: 19.99 C,6.536615756,69.9877728,Gamma,2027-03-19,3.40130282,24.37018979,B-B-D,FALSE,87810,"(4, 12)",532,uuzaeiya,986,1
0xd7,Temp: 29.58 C,48.75711937,14.61338612,Alpha,2027-03-20,5.219453573,-18.62656931,D,F,87754,"(18, 7)",506,iuziooee,990,0
0x122,Temp: 18.85 C,3.361360018,58.84842119,Delta,2027-03-21,3.797418233,-23.24776999,D-D-C,TRUE,99328,"(4, 7)",289,iaauaeau,928,1
0x160,Temp: 49.51 C,6.265320346,35.59931288,Gamma,2027-03-22,0.08399810429,20.76633638,C-A,TRUE,78513,"(10, 15)",675,oaaeiozi,868,1
0x104,,90.64374533,37.30311736,Alpha,2027-03-23,1.565320267,20.99819163,D-B,F,92762,"(12, 1)",918,zuuiexze,685,0
0x163,Temp: 11.58 C,13.92453711,41.41330681,Beta,2027-03-24,2.98148318,-16.61545834,A-B,FALSE,39022,"(18, 16)",906,xxexxxou,179,1
0x1a6,Temp: 38.22 C,53.24206823,65.29502797,Alpha,2027-03-25,1.021768961,-19.65922847,D-B,T,79329,"(5, 19)",89,xuyuyoui,293,0
0xe3,Temp: 47.01 C,41.10956026,39.73044694,Alpha,2027-03-26,0.001912329828,18.37435282,B-A-B,FALSE,69414,"(4, 6)",68,aoaieexz,375,0
0x75,Temp: 17.22 C,34.73433263,75.2102155,Alpha,2027-03-27,1.618449953,21.65611763,C-B-C-A,T,11659,"(17, 7)",524,eoeooaeu,59,1
0x37c,Temp: 32.72 C,89.98333457,46.00293732,Gamma,2027-03-28,763.2557142,22.142161,C-D-B-A,F,67941,"(7, 9)",118,yeeexuuo,54,1
0x342,Temp: 46.62 C,2.182339678,16.08343483,Delta,2027-03-29,0.3395555215,-15.8510273,C-A,T,47930,"(13, 14)",423,uoyaoeiz,914,0
0x299,Temp: 11.36 C,66.37896862,79.75462598,Beta,2027-03-30,0.1125642293,-19.95593027,C-C-A-D-A,1,53473,"(16, 9)",67,ixezoezx,769,negative
0x29d,Temp: 37.90 C,96.33944342,35.43249089,Alpha,2027-03-31,3.064994206,-22.24372301,C-B-A-A-D,0,65598,"(15, 5)",211,uoyeuzxu,245,0
0x1a6,Temp: 21.89 C,56.01681835,48.51625228,Delta,2027-04-01,2.552656627,19.62664208,B-A-D,0,26040,"(18, 8)",177,oxxxzaxa,149,0
0x3cb,Temp: 46.98 C,93.6822462,71.00450561,Delta,2027-04-02,35.80922337,-21.45812729,B-A,TRUE,79806,"(15, 9)",417,uyauauuz,796,1
0x311,Temp: 48.84 C,5.225787929,39.58859799,Gamma,2027-04-03,0.02296912244,20.70233094,D-D-B-A-C,1,23286,"(19, 6)",808,yxyyxuxu,368,1
0x37b,Temp: 47.77 C,41.87933191,15.0361234,Beta,2027-04-04,8.972288374,-20.68332046,A-A-A-B,0,79139,"(4, 11)",191,xziayuex,16,0
0x2d5,Temp: 28.97 C,26.0157791,43.27897318,Gamma,2027-04-05,5.878291649,19.45737004,B-D-B,F,65916,"(10, 3)",907,xoeezyia,176,1
0x183,Temp: 44.48 C,73.0820965,94.05592386,Delta,2027-04-06,0.6528292882,-17.56683839,B-A-C-B-B,T,27600,"(1, 12)",904,iauyioai,540,0
0x3b9,Temp: 43.78 C,98.12970905,67.11436136,Delta,2027-04-07,2.76229527,-17.75693971,A,T,12291,"(15, 15)",213,yoyexuzy,406,negative
0x2fa,Temp: 22.76 C,25.65300624,69.76164423,Delta,2027-04-08,21.94133816,21.41870503,B-C,FALSE,23123,"(14, 7)",105,uyeyyixe,467,0
0x2e2,Temp: 43.16 C,65.41746015,66.27311167,Gamma,2027-04-09,13.69384059,20.03891651,D-C-C,FALSE,13811,"(17, 19)",890,oxaixaey,880,1
0xfe,Temp: 11.48 C,19.80976328,27.71030037,Beta,2027-04-10,0.03241746571,-19.72297551,C,T,88883,"(7, 3)",196,uxxazaua,129,0
0x24d,Temp: 33.85 C,56.53302546,47.23171391,Alpha,2027-04-11,11.7103675,19.15221992,B-A-D,F,41276,"(3, 18)",775,axuuyxye,223,0
0x1e5,Temp: 19.20 C,46.39324867,76.83364205,Gamma,2027-04-12,0.8236036969,19.38962231,D-D-D,T,64145,"(14, 3)",305,zzezzxai,884,0
0x374,Temp: 14.82 C,97.20053296,19.02218788,Delta,2027-04-13,1.244361185,-22.09382359,D-C-B,FALSE,56619,"(7, 7)",105,eexyxiiz,244,0
0xcb,Temp: 13.08 C,60.85272727,34.72889707,Gamma,2027-04-14,1.245567156,19.32951184,D-B,0,91049,"(5, 3)",137,uzxeyzyz,426,0
0x1ec,Temp: 37.85 C,34.95063721,34.59240065,Delta,2027-04-15,0.6371635115,-17.31787057,B-D-C,TRUE,80678,"(18, 15)",220,zoozaezo,354,0
0x38e,Temp: 23.59 C,11.40957849,48.44968456,Alpha,2027-04-16,35.69899336,-21.48730355,C-B-A-C-A,FALSE,98782,"(14, 4)",705,yexeoyei,750,0
0x159,Temp: 38.99 C,15.12468287,97.25281794,Alpha,2027-04-17,0.777902659,19.59024667,A,F,36714,"(8, 13)",610,auyoxuay,744,0
0x113,Temp: 12.61 C,22.531693,16.00772665,Beta,2027-04-18,0.0347825872,20.06279173,B-C-A,0,65685,"(8, 15)",221,zyiiiioy,326,0
0x8a,Temp: 22.61 C,25.09666613,56.1643885,Delta,2027-04-19,0.3070976303,-23.21515661,A-D-D,0,22194,"(17, 5)",394,oexexaze,604,0
0x240,Temp: 31.58 C,85.06160578,25.9634567,Beta,2027-04-20,1.709300377,-19.95887889,B-D,0,83062,"(4, 11)",201,azaaiuuo,3,0
0x30d,Temp: 41.63 C,56.12227883,96.39021254,Beta,2027-04-21,39.95062645,-20.57836735,C-C-D,1,74037,"(18, 10)",104,aieeooaz,479,0
0x35a,Temp: 22.75 C,52.33909114,20.08401192,Alpha,2027-04-22,6.106074253,-17.64215302,B,1,29362,"(17, 15)",327,azeeeeua,976,0
0x27d,Temp: 35.04 C,11.47688719,45.92048921,Gamma,2027-04-23,0.07795638025,-19.5606611,D,0,64499,"(6, 16)",434,aeiexyyo,81,0
0x3c6,Temp: 45.44 C,86.01396933,75.67176365,Gamma,2027-04-24,1729.46908,-21.21905209,C,F,56281,"(15, 8)",506,xioyioez,44,0
0x395,Temp: 34.63 C,72.28143032,72.70534409,Beta,2027-04-25,2.212948818,16.88925253,A-D-A,T,72813,"(9, 11)",538,eiouiziz,155,1
0x1fb,Temp: 19.32 C,6.76683619,47.62284868,Alpha,2027-04-26,45.88655772,20.40169019,C,F,54852,"(2, 13)",689,xaiueoao,947,0
0x270,Temp: 10.98 C,70.78350972,40.84065095,Delta,2027-04-27,0.6343570576,20.20158215,A-A-B,1,57836,"(4, 9)",783,eixuauzy,536,0
0x39f,Temp: 44.80 C,54.35382173,45.38750169,Gamma,2027-04-28,4.953417459,-20.08257491,A-D-C-A,FALSE,14595,"(5, 19)",925,uuueuxue,916,1
0x25d,Temp: 10.85 C,8.172534575,33.52058742,Beta,2027-04-29,12.40879523,22.0743178,A-B-D-B-C,1,25402,"(3, 3)",702,zoeyyxzx,928,0
0x39c,Temp: 44.99 C,45.83006415,28.27463154,Gamma,2027-04-30,38.651444,-20.66887703,B-A-B-A,T,75283,"(6, 10)",493,ieoiiaui,99,1
0x87,Temp: 31.16 C,48.46962871,52.99053308,Gamma,2027-05-01,23.85764989,-22.9561438,B-B,TRUE,98131,"(5, 3)",882,ixoizyou,397,1
0x310,Temp: 47.56 C,16.57745402,33.89950429,Delta,2027-05-02,13.68897823,18.01282097,B,1,52723,"(7, 18)",820,yxzyaauu,880,1
0x77,Temp: 41.95 C,94.5698147,35.58408818,Alpha,2027-05-03,0.3885784521,-20.27184913,A-D-D-D-C,F,61322,"(8, 1)",896,yxzxzeii,171,0
0x1a4,Temp: 49.92 C,84.99753715,68.45128965,Delta,2027-05-04,0.1799208718,-20.16893357,C-A-B,F,56764,"(4, 7)",772,zioeyioz,148,0
0x36b,Temp: 24.03 C,66.90223373,96.19982252,Alpha,2027-05-05,2.712369293,-17.86149101,A-B-A-B-B,0,34911,"(14, 13)",630,zoaouxou,123,0
0x263,Temp: 40.69 C,46.2295561,63.72371085,Gamma,2027-05-06,16.43452355,-21.91259,D,0,29405,"(10, 18)",366,uayazzoa,112,1
0x1f3,Temp: 26.08 C,41.17655416,16.85117257,Beta,2027-05-07,0.5126499106,-24.64934661,C,0,68122,"(1, 4)",901,ayxizozy,130,0
0x2f1,Temp: 29.20 C,65.09734672,16.72694163,Delta,2027-05-08,24.42277008,-19.96598785,B,TRUE,99756,"(16, 16)",897,ozoaxaue,68,1
0x3d6,Temp: 35.10 C,54.54318694,94.67666666,Alpha,2027-05-09,78.08908079,21.01004218,D-D,T,13447,"(18, 8)",911,eyeyiazu,859,1
0x23a,Temp: 44.95 C,6.227310588,36.45888034,Gamma,2027-05-10,0.06399420432,-20.16903695,A-D-D-A-D,FALSE,63143,"(10, 16)",303,uexiyiey,,1
0xf2,Temp: 49.36 C,51.25026488,18.19396176,Alpha,2027-05-11,0.08120632739,-18.57283066,B-D-C-B,F,72906,"(11, 6)",323,yezaxiue,729,0
0xbf,Temp: 40.73 C,80.64036172,63.31496826,Alpha,2027-05-12,0.6563079418,-16.35847944,A-B-A-B,F,20662,"(1, 12)",572,auzieyzz,900,0
0x1c5,Temp: 26.71 C,45.92398776,65.50474127,Alpha,2027-05-13,2.516421882,-18.58845303,B-B-C-A-C,T,73001,"(6, 13)",587,xezxaazi,892,1
0x3a5,Temp: 26.85 C,5.195657755,67.71692899,Gamma,2027-05-14,0.2072766217,17.21608324,B,TRUE,68282,"(17, 1)",560,xeaeixeu,608,1
0x383,Temp: 39.50 C,78.62781994,33.79878048,Beta,2027-05-15,57.77799747,23.40820416,A-B-C,0,14899,"(8, 8)",502,eooyiiiu,657,1
0x33a,Temp: 19.55 C,20.13637821,11.3448509,Beta,2027-05-16,3.568697148,-19.76978061,C-B-C,T,38582,"(11, 14)",501,xuyezaxo,897,1
0x3b9,Temp: 14.42 C,25.86208349,95.88636788,Beta,2027-05-17,1.125628048,-19.30816134,C-D-A-C,FALSE,77471,"(10, 15)",209,oyzoyeei,545,0
0x96,Temp: 24.18 C,16.47063534,32.32948107,Alpha,2027-05-18,0.01346409762,-21.77830765,A,0,52213,"(7, 7)",719,aieuixee,286,0
0x2fc,Temp: 21.49 C,33.02150649,70.16633964,Gamma,2027-05-19,0.01930391316,17.75649779,D-B-D-D-A,FALSE,85871,"(10, 4)",360,zzuuuzax,5,1
0x31d,Temp: 21.85 C,75.67515057,72.89005842,Alpha,2027-05-20,2.323390987,18.46627192,B-A-B,1,93205,"(18, 10)",310,euaoxyyz,118,0
0x2a2,Temp: 19.34 C,51.93858595,64.29066012,Beta,2027-05-21,0.001665238573,20.13614454,B-B-C-A,FALSE,84081,"(19, 14)",775,ooeaaoxi,652,1
0x121,Temp: 11.68 C,20.48812742,37.84875809,Beta,2027-05-22,20.8616434,22.05753798,B-D,0,93805,"(13, 15)",398,oeoxxoao,230,1
0xe0,Temp: 10.71 C,87.78300782,34.12756659,Gamma,2027-05-23,0.6222200111,-21.00337009,A-B,1,47830,"(16, 2)",374,uuiezeya,160,1
0xf9,Temp: 49.51 C,87.9581855,63.19247716,Alpha,2027-05-24,16802.43186,20.49665029,C-A-A-A-C,0,17066,"(4, 18)",792,zeiuaxui,294,1
0x19d,Temp: 27.11 C,87.0578425,87.08251139,Delta,2027-05-25,1016.122053,20.15623547,D-C-D,F,20712,"(17, 10)",112,azoeiaua,761,0
0x29d,Temp: 25.37 C,23.87962114,94.25930187,Delta,2027-05-26,0.5802204231,-20.80047171,D-B-B-B,0,91527,"(9, 15)",876,oiaxiiuz,785,1
0x1b9,Temp: 37.19 C,45.12393442,19.42561659,Beta,2027-05-27,0.7268675482,-20.40330581,D-A-D-B,1,75365,"(12, 9)",665,yeyzxoay,186,1
0x194,Temp: 18.73 C,,23.77974652,Gamma,2027-05-28,19.82105075,17.94005545,D,FALSE,97185,"(14, 13)",190,ezueiiox,877,1
0x317,Temp: 48.00 C,77.20124763,94.08152703,Alpha,2027-05-29,165.5904928,20.09215844,D,F,40806,"(6, 19)",628,aauoaxzi,552,0
0x30d,Temp: 41.45 C,2.716742123,75.55163532,Alpha,2027-05-30,0.007342417196,17.85262268,D-B-C-C-B,TRUE,22210,"(4, 17)",799,zzoeyyoz,224,1
0x3a9,Temp: 13.58 C,6.520459126,88.58645041,Beta,2027-05-31,0.004705014632,20.16216509,D-C-D-C,TRUE,46972,"(19, 3)",489,oxxayuuz,152,0
0x372,Temp: 26.70 C,46.39313768,28.03430444,Beta,2027-06-01,0.1547252344,-19.03870412,C-D,TRUE,44136,"(14, 17)",628,xaaazzxu,140,0
0x99,Temp: 45.16 C,90.92202059,62.29514253,Alpha,2027-06-02,5.744326945,-25.07876325,A-D-A-C,TRUE,54297,"(13, 9)",835,axeeieoi,367,1
0x21f,Temp: 47.79 C,53.8701798,72.4014239,Alpha,2027-06-03,4.439850797,19.92021123,B-B-B-C,T,25945,"(1, 17)",566,eoexyoax,128,0
0x2c8,Temp: 28.70 C,49.7812508,70.5299578,Beta,2027-06-04,24.76210264,17.19152087,B-A-A-D-D,TRUE,52477,"(16, 18)",872,yoxaooyx,351,1
0x16b,Temp: 34.54 C,10.54737,46.32550049,Alpha,2027-06-05,0.02734852765,19.73163958,C-D,1,89180,"(2, 14)",863,eoeouiee,147,1
0x98,Temp: 16.68 C,65.67801047,11.37014536,Delta,2027-06-06,0.0009601398674,21.03871749,A,TRUE,80453,"(17, 3)",909,yauauuzx,285,1
0x29f,Temp: 49.65 C,82.21031606,61.88041906,Beta,2027-06-07,13.11875107,23.34672789,A-B-A-D-A,0,95404,"(2, 8)",562,xxoyaiuu,469,1
0x2cf,Temp: 19.27 C,38.04200075,32.52603699,Alpha,2027-06-08,0.08335982345,-18.8210952,C-B-B,TRUE,87413,"(2, 2)",871,yeoixuea,218,0
0x68,Temp: 47.71 C,77.56118509,50.07262791,Beta,2027-06-09,0.002345014736,-16.83514405,C-A-D,FALSE,23224,"(9, 6)",324,ueaoxyau,436,0
0xca,Temp: 35.99 C,96.44766539,95.22471034,Gamma,2027-06-10,1.545258543,-21.63367402,B-B-A-D-C,1,13052,"(12, 9)",486,zziaiiay,732,1
0x127,Temp: 34.31 C,20.37664591,45.51414327,Beta,2027-06-11,10.79979405,17.23880259,B-D-B-D-D,1,37272,"(7, 12)",209,yzoyazye,145,positive
0x369,Temp: 30.51 C,52.33296312,84.74234299,Beta,2027-06-12,0.6933839475,19.12768912,A-A-D-D-B,F,51150,"(5, 16)",836,xixzuizu,841,1
0x3d0,Temp: 19.23 C,28.71379581,26.78011391,Gamma,2027-06-13,0.253207705,-19.48475903,A-D-B,T,27316,"(5, 12)",376,eexezzai,277,1
0x3d7,Temp: 17.06 C,79.2854419,69.84898432,Delta,2027-06-14,0.6199684456,-19.86073309,B-A,0,63389,"(9, 7)",631,uyxxeezu,754,negative
0x1c1,Temp: 18.82 C,57.75933659,96.95361895,Alpha,2027-06-15,0.3289833007,21.37832891,C-B-A-B-D,1,73332,"(19, 11)",591,iizxuxzy,60,1
0x92,Temp: 17.46 C,63.45824176,19.06848598,Gamma,2027-06-16,0.01752474607,-18.63273144,D-A-D-B-B,FALSE,17240,"(12, 3)",510,oiuyuxez,610,1
0x3c6,Temp: 41.18 C,79.79141596,10.74047486,Beta,2027-06-17,0.1171802383,19.4525415,C-D-C,TRUE,78774,"(17, 7)",76,uxaeeioi,843,0
0x39a,Temp: 24.01 C,39.59704727,48.58886854,Alpha,2027-06-18,4.777128888,19.97145929,C-C-B,1,53175,"(10, 15)",693,axzeeyuz,375,1
0x397,Temp: 12.31 C,91.50900684,18.24366799,Gamma,2027-06-19,2.624881164,-20.29919592,B-B-A,FALSE,10565,"(2, 13)",794,oouzaoea,404,1
0x2f3,Temp: 48.76 C,53.30288672,76.60620712,Alpha,2027-06-20,,-20.19565435,B-C,TRUE,97298,"(4, 18)",83,iziaeyix,881,1
0x170,Temp: 45.35 C,15.79548228,91.39483108,Alpha,2027-06-21,0.05051699596,-20.87201155,D-C,T,81094,"(1, 2)",713,euoyyaou,693,0
0x1d5,Temp: 47.11 C,69.58991182,48.62786657,Gamma,2027-06-22,0.5801262734,21.68767902,C-A-C,1,26375,"(2, 4)",377,iyxezyye,114,1
0x2df,Temp: 49.80 C,79.32613504,33.02533615,Alpha,2027-06-23,0.001457263176,20.78526823,D-C,1,35710,"(3, 17)",609,uayyozxi,495,0
0xcd,Temp: 16.96 C,31.67616771,48.66189539,Delta,2027-06-24,1.708182589,-20.90717105,D-C-A,FALSE,59895,"(14, 2)",905,azxxuzue,615,0
0x301,Temp: 25.85 C,85.7179257,74.38685579,Gamma,2027-06-25,72.71684937,16.83555367,B,F,86639,"(16, 11)",507,iaeyiooe,336,1
0x2f6,Temp: 40.33 C,90.61432548,10.80582038,Delta,2027-06-26,0.01200542802,20.1004554,B-A-C-A-D,0,25174,"(13, 1)",792,aiooazeu,831,1
0x2f4,Temp: 37.84 C,27.69044874,62.46140506,Beta,2027-06-27,0.172426707,20.9590151,A-D-D-C,T,97329,"(2, 2)",486,yxyioxxu,569,1
0xdb,Temp: 16.16 C,98.35214727,64.58295995,Alpha,2027-06-28,2.684032522,-21.45788239,B-A-A-B-B,0,37597,"(5, 4)",160,xaeiaeao,285,0
0x3a2,Temp: 42.63 C,14.0711528,66.75425397,Beta,2027-06-29,42.88524826,18.61529845,C-D-D-D-C,1,84289,"(12, 3)",418,ouayxoze,129,1
0x376,Temp: 18.98 C,20.20156684,31.53996512,Beta,2027-06-30,0.260624697,-18.68192145,B,0,48397,"(10, 18)",169,zzuzzzxi,892,1
0x2bf,Temp: 18.95 C,18.42248392,73.55069238,Alpha,2027-07-01,0.1253367721,-18.85179865,A-B-C-D-D,TRUE,81854,"(10, 1)",684,ayzzoyxe,978,0
0x9d,Temp: 31.48 C,89.398971,18.13384228,Gamma,2027-07-02,0.002720962973,21.0728278,C-D-C-B-A,T,43069,"(6, 11)",716,ayeuooue,315,1
0x1bd,Temp: 33.72 C,65.42925523,27.73505995,Alpha,2027-07-03,1.363853826,-22.06776211,C,0,95687,"(2, 7)",325,yaeaxzui,960,0
0x348,Temp: 33.20 C,15.21042832,88.09483415,Beta,2027-07-04,457.7064869,19.18507979,D-C-B-D,TRUE,50274,"(18, 19)",674,aozxoxoe,598,1
0x23d,Temp: 13.66 C,44.03234184,75.74636041,Beta,2027-07-05,2.298083204,-21.81592463,B-D-C-D-A,FALSE,84237,"(4, 13)",87,yeeyxxyo,712,0
0xd8,Temp: 45.10 C,61.52980251,11.22335431,Gamma,2027-07-06,0.935347709,-20.24695962,D-A,0,82498,"(18, 13)",72,axoayexi,71,0
0x3a1,Temp: 20.62 C,8.346408499,32.10548717,Alpha,2027-07-07,2.62806263,19.75142845,D-B-C-C,T,48197,"(19, 17)",873,euaiezxi,345,1
0x37a,Temp: 15.18 C,88.24163684,29.08217699,Beta,2027-07-08,0.9672715443,-19.57723154,A,TRUE,58634,"(1, 6)",625,oauoziea,990,0
0xe2,Temp: 45.55 C,80.36035354,34.1017632,Delta,2027-07-09,0.08724429413,-21.49322273,B-C-A-A-D,0,40041,"(19, 1)",493,xueuxyai,98,0
0x1ec,Temp: 48.23 C,50.52067736,32.03281955,Beta,2027-07-10,11.82055242,-20.65115563,D,FALSE,17248,"(8, 17)",584,uaueuyee,300,1
0x2e4,Temp: 44.49 C,96.71266153,15.56484032,Beta,2027-07-11,1.968525075,24.55165086,D-B-A-A,0,95365,"(15, 18)",613,aoxuizeo,176,1
0x9d,Temp: 42.38 C,41.77609793,50.84570598,Gamma,2027-07-12,1.054260692,18.29555071,B-D-B-A,TRUE,12203,"(7, 16)",138,eooioiae,745,1
0x2dd,Temp: 36.21 C,98.4110319,75.21327926,Delta,2027-07-13,0.05360579603,-21.0362034,A-B-C-B,0,61986,"(7, 17)",471,ixyeyxux,884,0
0x264,Temp: 32.03 C,66.79199988,63.9991235,Beta,2027-07-14,49.92509568,-18.94159798,A-A-D,T,35370,"(4, 12)",868,auuoxzox,75,1
0x352,Temp: 13.48 C,63.46712733,69.88557851,Beta,2027-07-15,7.34564952,-18.26142603,C,1,45247,"(13, 4)",390,uzoyezxx,143,1
0x385,Temp: 26.34 C,16.59548953,17.22227689,Delta,2027-07-16,0.1903744204,19.97826573,C-B,TRUE,85922,"(1, 1)",337,oxuooziy,931,0
0xc3,Temp: 24.91 C,88.19277583,94.68267321,Alpha,2027-07-17,20.19579796,20.27470496,B-C,TRUE,10434,"(7, 9)",112,yizuexza,23,0
0x2e1,Temp: 20.39 C,42.74896879,84.62577321,Alpha,2027-07-18,0.2247621572,-25.83634711,D-C-C,TRUE,72982,"(1, 16)",202,xazyueee,181,0
0xd9,Temp: 38.94 C,16.22334058,81.65303835,Beta,2027-07-19,0.0957503996,19.63170837,B-A-A,TRUE,75180,"(18, 15)",297,iuaeuxay,45,0
0x293,Temp: 29.84 C,1.260751998,83.24555865,Beta,2027-07-20,0.1023753465,17.73964254,C-D-A,0,44474,"(6, 2)",401,iozzayyy,469,0
0x2bc,Temp: 13.24 C,55.97556836,93.01123522,Alpha,2027-07-21,0.00492610995,20.54602143,B-D-D-D,T,34644,"(9, 4)",731,xaaoexyo,92,0
0x24b,Temp: 18.81 C,52.73996221,58.43860298,Gamma,2027-07-22,4.114951884,15.85071992,A-D-C-B-C,FALSE,48493,"(13, 11)",607,axiaiuia,269,1
0x150,Temp: 37.33 C,71.93536224,27.82509959,Delta,2027-07-23,0.004113690856,-19.81608643,B-D-C-C-D,T,93824,"(13, 11)",826,oaauyeau,34,1
0x3d8,Temp: 13.05 C,89.0258053,64.8937411,Delta,2027-07-24,0.02508885654,20.03205056,A-D-C,TRUE,13959,"(19, 8)",925,ouzuieex,678,1
0x3e4,Temp: 44.05 C,7.940658464,76.11645294,Gamma,2027-07-25,0.001975835312,21.58920077,B-D-C-A,F,57289,"(7, 16)",575,yoxyyuoy,582,1
0x173,Temp: 29.81 C,73.14964903,75.67464801,Gamma,2027-07-26,0.772433716,-21.9472445,A-B-B-C-A,0,21143,"(3, 17)",675,oeeeauzo,364,1
0x120,Temp: 29.22 C,18.74119441,56.40896315,Gamma,2027-07-27,0.6370154427,-18.99286076,B-B-C-A-D,F,49593,"(18, 15)",390,uyooxooi,708,1
0x323,Temp: 33.70 C,85.81770532,16.09282602,Gamma,2027-07-28,0.3752778329,19.69877197,A-B-C-D-B,0,49115,"(17, 11)",217,zixaeyyz,133,0
0x222,Temp: 42.99 C,81.90635139,43.02905152,Gamma,2027-07-29,0.04381701424,18.46775834,A-D-C,TRUE,32540,"(5, 16)",887,ouyieaeo,759,1
0x2a8,Temp: 23.91 C,54.0793755,91.94822815,Gamma,2027-07-30,0.02969723722,-17.74387489,C-C-C-C,0,45481,"(15, 10)",863,zeoxiiou,382,1
0x379,Temp: 37.12 C,71.02427986,62.01595297,Delta,2027-07-31,4.027354024,-20.61978956,B-D-C-D,TRUE,87097,"(14, 2)",369,izuoxoxy,680,1
0x3c0,Temp: 32.63 C,31.43501132,57.91154295,Gamma,2027-08-01,0.1917321764,-17.4528289,D-A-C,T,32578,"(16, 19)",310,izuzoyiz,966,0
0x15a,Temp: 20.68 C,47.11678989,33.92796278,Alpha,2027-08-02,2.583318892,19.1707462,D-B-D-D-B,1,22787,"(8, 15)",577,yxoyzyxe,277,1
0xaf,Temp: 45.15 C,82.16368977,42.79195387,Gamma,2027-08-03,0.07024641119,18.00965208,B-D-D,0,82048,"(10, 5)",306,zxeioyia,156,0
0xfd,Temp: 41.90 C,45.92651972,89.68580193,Gamma,2027-08-04,1.721486615,-21.09936637,C-A-A,TRUE,62879,"(16, 12)",91,xiiyexeo,387,1
0x2f3,Temp: 36.34 C,35.77982653,69.31521123,Delta,2027-08-05,49.89067502,23.6028602,A,F,20596,"(13, 9)",389,ixiouoee,535,0
0x216,Temp: 44.02 C,49.42124473,80.07744538,Delta,2027-08-06,5.803710191,-17.39682403,A-D-A,TRUE,70669,"(17, 12)",95,ziexoioo,200,0
0xb9,Temp: 44.69 C,82.82492524,50.43674265,Gamma,2027-08-07,0.2901835995,16.29396303,B-A-C-D,F,29930,"(5, 12)",168,iyuzyeaz,275,1
0x31c,Temp: 38.33 C,33.52080474,66.09200253,Delta,2027-08-08,2.163217964,-19.75022623,D-C-C,0,57950,"(1, 16)",295,yaaeuoiu,501,1
0x180,Temp: 43.48 C,17.37615931,32.10614118,Beta,2027-08-09,0.4857818989,-20.03139559,A-A-A,FALSE,28687,"(12, 9)",788,azxeyzey,459,1
0x13f,Temp: 37.90 C,71.20140203,72.7860139,Delta,2027-08-10,1.023922207,20.43731861,A-B-A-D,F,62833,"(13, 17)",375,ixouxuuo,50,0
0xa8,Temp: 37.21 C,82.59782127,48.0565187,Delta,2027-08-11,0.3765015344,19.10735897,B,TRUE,45989,"(17, 4)",380,oyoieaoe,970,0
0x92,Temp: 34.74 C,10.06374785,49.38655082,Delta,2027-08-12,0.6107878379,19.5987214,D,0,40183,"(14, 19)",923,yoaxzoey,698,0
0xc1,Temp: 40.11 C,23.98741128,67.78968689,Delta,2027-08-13,1.889439188,20.73502082,C-C,TRUE,30758,"(7, 3)",725,yziyxyyx,988,0
0x351,Temp: 16.34 C,14.19719898,93.32897531,Alpha,2027-08-14,0.05078896874,22.08086179,C,FALSE,11082,"(1, 12)",218,zzxaeuyz,532,0
0x228,Temp: 45.23 C,34.79414116,15.69656485,Alpha,2027-08-15,0.04747099049,16.08990246,C-A-A,1,55891,"(15, 11)",287,uuioyooi,628,0
0x12f,Temp: 44.87 C,45.03509789,83.40214812,Alpha,2027-08-16,0.01551997055,-19.26212112,B,FALSE,55810,"(10, 2)",414,uxozxxiz,92,0
0x13d,Temp: 11.17 C,74.8826337,36.02209683,Gamma,2027-08-17,0.008223056406,20.42761759,D-A-D,T,56901,"(4, 17)",390,ieyouazi,861,0
0x23d,Temp: 43.03 C,65.11475849,49.50883145,Gamma,2027-08-18,0.02594313954,-18.16404779,C-A-C-D-A,0,93512,"(17, 8)",792,xeaiexoy,456,1
0x213,Temp: 15.15 C,62.09285675,11.95028626,Beta,2027-08-19,1.613470615,-23.46233926,A-B-A,FALSE,81062,"(14, 4)",619,yeiyyoxu,339,0
0x1b8,Temp: 23.40 C,35.23749466,36.79310093,Alpha,2027-08-20,0.0686755151,18.72918024,C-D-C,1,31563,"(6, 19)",300,yeazxoxo,53,1
0x28a,Temp: 39.74 C,84.14475531,54.73418059,Gamma,2027-08-21,4.668526012,-19.91741463,D,TRUE,82008,"(4, 3)",905,xzueayue,496,1
0x2c7,Temp: 16.43 C,47.12871674,14.99967088,Delta,2027-08-22,1.109757193,-21.11204419,D-D,0,12775,"(6, 7)",808,axzyaiae,635,1
0x184,Temp: 42.72 C,97.9104938,53.70751992,Delta,2027-08-23,0.002724384793,18.81743042,A-D-D-C,F,25828,"(14, 12)",924,uyuyiezz,853,1
0x161,Temp: 43.29 C,63.41421383,92.51284597,Alpha,2027-08-24,7.134389996,16.3068539,B-B-B-A-B,FALSE,27974,"(16, 8)",501,aixoxeiu,850,0
0x341,Temp: 30.30 C,12.62647416,19.37999641,Beta,2027-08-25,11.38612987,19.14269095,C-C-A-B-A,1,32388,"(2, 13)",282,iozeiyxa,777,1
0x1c8,Temp: 10.26 C,67.61775621,78.0352248,Beta,2027-08-26,0.05071223761,-22.05888111,D-A-D-C-D,FALSE,90591,"(8, 16)",386,xezizxix,4,0
0x7a,Temp: 21.48 C,32.51040154,46.46072375,Delta,2027-08-27,3.527447878,19.32620975,C-D-A-C-D,T,28615,"(4, 16)",491,euzzxaxe,681,0
0x35d,Temp: 34.68 C,68.63271967,68.31046059,Beta,2027-08-28,0.07657422767,18.3071314,A-B-B-D-D,0,47886,"(6, 4)",862,xayaeixu,281,0
0x26d,Temp: 49.25 C,6.964114816,33.16105722,Alpha,2027-08-29,1.34045771,21.85134442,A-D-A-D,TRUE,32838,"(16, 13)",919,ayaxizxz,290,0
0x359,Temp: 35.27 C,17.48814372,24.19481137,Delta,2027-08-30,0.02251676309,19.33845021,A-B-C-A-D,1,50728,"(5, 15)",335,yyeuxaae,73,0
0x3a8,Temp: 20.39 C,85.57372589,24.28117267,Gamma,2027-08-31,0.004610959277,-18.97967837,D-D,FALSE,88000,"(8, 7)",738,ixoiayxy,137,0
0xc7,Temp: 35.36 C,22.7179557,16.27378316,Gamma,2027-09-01,0.3171274394,20.29891218,A-C-A-A-C,0,62798,"(14, 7)",576,auiououi,850,1
0x385,Temp: 31.60 C,83.70411252,26.52255674,Beta,2027-09-02,0.6899150266,-21.54150042,C-C-C-B,FALSE,82776,"(7, 18)",391,aozioziu,768,1
0x117,Temp: 41.19 C,27.92760885,69.11552526,Delta,2027-09-03,0.3032981145,24.76342706,B-A,0,80478,"(10, 18)",466,iuaueayy,971,1
0x142,Temp: 14.28 C,64.28819101,88.47046445,Delta,2027-09-04,0.02866461985,-21.65447222,C-B-A,T,29622,"(14, 10)",230,yxzxiize,653,0
0x35d,Temp: 40.44 C,69.41505735,82.45718602,Gamma,2027-09-05,0.3012854314,-22.31967993,A,FALSE,23536,"(7, 7)",728,iaayuoie,998,1
0x2f6,Temp: 31.65 C,51.26547531,70.97695358,Delta,2027-09-06,2.24315702,-18.9880676,B-D-A-A,T,77136,"(7, 5)",417,yzxzaaao,393,1
0x21d,Temp: 48.52 C,30.53106767,19.82843584,Delta,2027-09-07,0.8739963405,17.94826379,C-B-C-D-C,F,15700,"(1, 14)",199,oixeozuo,208,0
0x2c3,Temp: 23.67 C,21.26443764,35.73768272,Delta,2027-09-08,1.728930643,-20.1246627,C-A,F,48839,"(18, 13)",607,azeioayu,260,1
0x364,Temp: 35.30 C,3.318935456,37.5728119,Beta,2027-09-09,0.133942376,20.21433983,D-A-A-A,1,20248,"(8, 8)",210,uyiioizx,930,0
0x1a8,Temp: 47.28 C,30.39464012,32.24616823,Delta,2027-09-10,33.62109657,17.84297452,C-D,T,55291,"(10, 17)",216,xaazaxoo,263,0
0x267,Temp: 14.10 C,65.31627905,55.83550371,Alpha,2027-09-11,0.02934831897,19.64941094,A-C-D-B-C,0,92629,"(6, 15)",730,ioaeaxye,783,1
0x73,Temp: 47.49 C,93.83048184,57.66428952,Beta,2027-09-12,4.317518825,20.7986352,A-B-C-B-B,1,94891,"(15, 16)",96,iuyooxaa,505,1
0x37b,Temp: 37.52 C,87.12044823,41.76285179,Delta,2027-09-13,34.66301536,20.72078679,C,FALSE,27177,"(8, 19)",734,eoyxyiaz,550,0
0x1b3,Temp: 12.71 C,76.60647765,41.48723513,Delta,2027-09-14,4.232209843,-21.00857571,A-C-A-D,FALSE,29483,"(15, 3)",533,youxeaai,203,1
0x35a,Temp: 22.04 C,78.84473433,83.74144821,Alpha,2027-09-15,0.5446713568,20.58192946,C,0,53815,"(6, 8)",114,axooozuu,736,0
0x165,Temp: 38.33 C,66.49849035,80.2470635,Beta,2027-09-16,0.204970105,-18.98598268,C-A-C-A-A,TRUE,48533,"(16, 15)",600,zayuyyuz,347,1
0x254,Temp: 12.69 C,26.02868576,37.39382902,Gamma,2027-09-17,22.3821318,-18.97219875,B,TRUE,10026,"(13, 15)",679,iuezeyea,990,1
0x3e3,Temp: 33.29 C,90.71950307,91.3271715,Gamma,2027-09-18,0.01399682479,-17.6020972,A-B-D-A,FALSE,70611,"(18, 13)",92,oiaoiyii,52,1
0x103,Temp: 23.84 C,67.07323119,94.80053651,Beta,2027-09-19,0.05445542613,-23.56955008,B-D-A-D,0,97242,"(8, 14)",899,eeeixziz,593,0
0x23e,Temp: 34.84 C,56.0440631,39.08008624,Delta,2027-09-20,0.3034090765,-20.02690073,A-B-B-D,TRUE,34660,"(11, 6)",693,zeieeeyy,356,0
0x3b7,Temp: 11.83 C,11.09894692,41.54382044,Delta,2027-09-21,40.97496509,-19.55029389,D-C-D,T,65103,"(1, 2)",121,xoziaexa,723,0
0x2fb,Temp: 44.86 C,44.70555438,55.00143965,Gamma,2027-09-22,3.12458948,-18.14241584,C-B-C-D,FALSE,62253,"(13, 1)",278,yoizzyxe,519,1
0x315,Temp: 48.94 C,46.03582712,93.75975232,Gamma,2027-09-23,0.0547960441,25.8713158,D-D-C-A-A,F,52082,"(4, 2)",502,ezezxyao,363,1
0x306,Temp: 48.76 C,86.45636095,87.99242955,Gamma,2027-09-24,0.3941896595,-17.85334394,B-A-A,T,26258,"(16, 3)",428,izoyeoau,45,1
0x1df,Temp: 39.99 C,54.66482202,19.12854867,Alpha,2027-09-25,0.158346528,19.14230415,D-D,0,99690,"(17, 5)",222,yuiioiyx,827,0
0x284,Temp: 15.20 C,38.0400549,44.95303615,Gamma,2027-09-26,0.1189125444,-20.83167367,C-D,F,25389,"(8, 12)",69,zaeezoeo,378,0
0x316,Temp: 40.33 C,97.68003285,59.25003589,Alpha,2027-09-27,18.85293634,-21.20042593,C-A-A,T,37685,"(12, 1)",372,zizixxaz,789,0
0x20e,Temp: 10.98 C,11.07205933,54.77879006,Beta,2027-09-28,0.01632219587,-21.91586411,D-C-A-A-A,TRUE,69220,"(1, 15)",664,eyxzauxa,412,1
0x2c8,Temp: 10.88 C,42.25484283,27.25381305,Delta,2027-09-29,124.7538464,-23.61521702,C-C-C-A,TRUE,37195,"(17, 2)",417,ooaiuaxi,771,0
0x16f,Temp: 22.94 C,4.202467517,86.43469263,Gamma,2027-09-30,11.99738933,21.01231531,D-A,F,31797,"(17, 9)",918,aexxoeez,142,1
0x3a6,Temp: 29.55 C,73.99041208,70.24772969,Delta,2027-10-01,26.37944245,17.8879384,C-C-A-D-D,1,81310,"(12, 4)",835,zxuyzioe,258,1
0x2a4,Temp: 40.82 C,91.80765522,84.57384536,Delta,2027-10-02,0.249369752,19.48610975,B,FALSE,76332,"(13, 4)",818,oxiaeiyo,797,1
0x204,Temp: 37.33 C,28.00373296,86.43002086,Gamma,2027-10-03,0.6377415593,-20.61566475,C-B-B-C,F,72907,"(7, 14)",536,xiazzixo,914,1
0x10b,Temp: 27.84 C,85.83416768,76.60367098,Gamma,2027-10-04,0.01357594987,-24.13645208,A-B,0,17188,"(9, 1)",74,eyyeuoyu,37,0
0x3ad,Temp: 20.95 C,29.22182305,49.08974351,Beta,2027-10-05,0.2072173117,-17.20438904,A-B-D,FALSE,33696,"(1, 4)",936,uxxxaoeo,941,0
0x8e,Temp: 49.88 C,91.07701616,64.3386612,Alpha,2027-10-06,4.39718491,22.40515301,A-D-D-B-B,T,12024,"(1, 10)",160,xaoououu,45,1
0x28f,Temp: 27.05 C,75.39619036,24.27252114,Alpha,2027-10-07,48.82239812,-20.35982874,C-A-D,0,83202,"(2, 15)",597,ixyauouu,920,0
0x180,Temp: 28.06 C,80.49067768,69.95444216,Delta,2027-10-08,0.03609970987,21.67566107,A,0,45985,"(3, 9)",512,ueyyeeey,632,0
0x1f0,Temp: 16.54 C,1.80065556,25.95353976,Gamma,2027-10-09,0.3340322242,19.79601057,A-A,TRUE,16584,"(17, 13)",811,iuioyxya,46,1
0x6f,Temp: 41.79 C,96.28103571,71.76151356,Beta,2027-10-10,0.6351477305,-18.31513474,C-C-C-C-D,T,37044,"(3, 4)",260,iezeouai,652,1
0x2c2,Temp: 37.75 C,72.66709921,30.43423631,Beta,2027-10-11,0.01518620838,-21.50174556,B-D-D,TRUE,15285,"(4, 11)",570,uuxxiiii,565,1
0x191,Temp: 18.83 C,30.47510954,20.46206571,Beta,2027-10-12,5.894665122,21.30886205,C-A-C-C-A,TRUE,73115,"(7, 11)",617,eyyuyzue,301,0
0x3e5,Temp: 13.30 C,82.93946649,24.71031962,Beta,2027-10-13,0.113952795,21.94411393,A,1,17370,"(11, 10)",299,zyuiayzx,288,0
0x160,Temp: 37.22 C,28.15211984,10.17730003,Beta,2027-10-14,0.5564538429,19.97339073,B,TRUE,27903,"(5, 13)",719,zzxuaxya,786,0
0x256,Temp: 36.18 C,87.27538396,73.96782599,Alpha,2027-10-15,0.257728618,-18.80035595,C,FALSE,42499,"(12, 10)",403,zeoueeau,269,0
0x355,Temp: 20.93 C,11.25803904,75.18369337,Alpha,2027-10-16,0.09366642137,-16.88242601,A-C,0,32995,"(7, 19)",465,eieioiia,900,0
0x86,Temp: 48.03 C,70.36859775,55.82906814,Alpha,2027-10-17,0.9790868216,-21.63874654,C-B,TRUE,45200,"(19, 19)",887,eoeyyixi,791,1
0x33a,Temp: 1678.04 C,54.06984766,24.36128929,Gamma,2027-10-18,0.5237039498,-20.84777896,D-D,F,98377,"(12, 15)",590,,62,0
0x3b4,Temp: 27.29 C,9.65344702,17.43633604,Delta,2027-10-19,0.3277272253,-18.06843473,D,FALSE,80402,"(5, 14)",367,yayeieox,566,0
0xbd,Temp: 47.74 C,24.18938283,11.70247801,Beta,2027-10-20,0.1124344532,-18.92285265,A-D-A,T,23566,"(12, 11)",764,xxyuaxia,970,0
0x36b,Temp: 26.79 C,1.240403628,24.75158775,Gamma,2027-10-21,2.607974881,19.06648238,D-A,0,47822,"(5, 16)",913,ooyoozuz,951,1
0x2c0,Temp: 35.54 C,46.87679655,89.28614261,Beta,2027-10-22,142.7153098,17.03403114,A-A-B-B-C,F,61222,"(18, 12)",476,eezxuyez,581,1
0x2bd,Temp: 25.90 C,30.12652608,31.49677891,Alpha,2027-10-23,1.521446761,18.36463521,B-C-A-C,F,60668,"(5, 16)",197,yyoeaxea,242,0
0x205,Temp: 20.97 C,59.83574843,41.53014812,Gamma,2027-10-24,19.85299038,-17.73233929,A-A-D-C-D,T,73853,"(12, 2)",568,iaaooxoa,936,1
0xd6,Temp: 49.36 C,29.72378077,19.37574812,Alpha,2027-10-25,0.01544197581,19.17504198,C,F,64643,"(6, 4)",833,uoozaiiz,782,0
0x2cc,Temp: 26.37 C,29.99191115,29.79015612,Beta,2027-10-26,1.605257722,-18.522605,B-D-D,FALSE,32333,"(13, 10)",537,exiouexu,764,0
0x127,Temp: 45.76 C,74.31931987,56.2109868,Beta,2027-10-27,0.03717551412,-16.74599016,D-A,T,25958,"(17, 14)",73,uoaaaiax,354,0
0x39d,Temp: 19.20 C,4.814283598,64.0899888,Delta,2027-10-28,0.01190526211,24.04518046,D,F,62442,"(15, 8)",785,zozixaxz,796,0
0x258,Temp: 18.52 C,90.28949952,31.83635596,Beta,2027-10-29,0.1088141147,-22.50508146,C-D,T,30954,"(18, 3)",921,uoozxezo,968,1
0x2d5,Temp: 11.25 C,85.22638744,15.13816217,Alpha,2027-10-30,35.71954447,18.44196116,B-C-B,T,85174,"(17, 7)",84,uzzozeoy,976,0
0x250,Temp: 36.07 C,66.78046832,44.80192535,Beta,2027-10-31,17.28860279,20.54484279,A-B-D-A-B,TRUE,19675,"(13, 16)",839,oeyyozxi,863,1
0xae,Temp: 24.74 C,59.32215701,30.84410001,Delta,2027-11-01,2.073035931,-20.83493018,C-D-C,TRUE,99590,"(5, 4)",195,yxoaaiyo,71,1
0x200,Temp: 44.57 C,89.23024981,29.54029917,Delta,2027-11-02,0.01007093547,22.38217171,B-C-C,TRUE,41661,"(10, 13)",439,uyoaeieu,835,1
0x1db,Temp: 28.93 C,18.53301795,95.42778944,Alpha,2027-11-03,0.554969593,18.36278995,C-B-C,F,74289,"(10, 14)",192,ozueoyxx,413,0
0x207,Temp: 48.73 C,7.896916219,64.85074325,Gamma,2027-11-04,2.472179195,22.18421357,D-A-D-A-A,0,27184,"(12, 1)",162,yuzxzzxa,612,0
0x33c,Temp: 17.42 C,23.95101699,59.56218144,Beta,2027-11-05,1.693180459,18.90418939,A,FALSE,57963,"(7, 9)",270,xaiaaezz,61,0
0x178,Temp: 44.74 C,79.45782787,47.00398421,Delta,2027-11-06,0.003960516827,-17.32827519,D-A,F,35822,"(8, 13)",817,aaeaxyai,615,1
0x35c,Temp: 41.06 C,3.467026673,48.17604568,Beta,2027-11-07,0.06918622173,21.44827312,D,TRUE,72303,"(14, 12)",423,aaiyexya,452,1
0x307,Temp: 40.84 C,58.28068351,58.14054534,Beta,2027-11-08,0.8251143531,22.58151685,D-A,T,86465,"(8, 18)",677,xuzxeezy,393,1
0x1ed,Temp: 43.79 C,99.54375162,71.98225283,Gamma,2027-11-09,4.997174879,25.17581795,D-C-B,F,15267,"(16, 11)",306,azieiyyu,631,1
0x3c8,Temp: 40.44 C,85.56960938,72.49100256,Delta,2027-11-10,0.001376262946,-17.60054947,D-B-B-B,T,62647,"(16, 14)",303,iyyyzoyy,529,0
0x22c,Temp: 35.05 C,52.1445689,25.28075779,Beta,2027-11-11,0.6148530847,21.39783937,A,T,72814,"(3, 2)",218,ieiiooza,305,0
0x123,Temp: 15.25 C,6.364090929,54.51003493,Delta,2027-11-12,1.535945742,-19.18039751,D-D-C-B,T,46025,"(3, 4)",609,eyzayyoy,191,0
0x346,Temp: 11.30 C,83.13735144,46.66427046,Alpha,2027-11-13,12.79220455,21.56671742,A-B,1,87605,"(5, 10)",628,yiouiaiz,724,1
0x314,Temp: 46.83 C,59.89785082,87.4769,Alpha,2027-11-14,7.993052707,17.0590209,C-B-C,0,10981,"(2, 12)",88,uoeyxeey,78,0
0xc6,Temp: 34.67 C,11.49329971,66.19628399,Beta,2027-11-15,5.741462429,17.47446045,A-D-C,FALSE,53436,"(5, 5)",726,oeuyozey,558,0
0x287,Temp: 41.86 C,9.385728482,57.39286191,Delta,2027-11-16,0.09073414607,-18.44825035,C-B,FALSE,28472,"(1, 4)",361,xaooizye,605,0
0xc3,Temp: 29.26 C,90.96268194,20.27012315,Beta,2027-11-17,0.003266597318,-20.15792809,C-C-C-B-B,TRUE,29336,"(12, 12)",284,ayxuouuu,889,1
0x2fb,Temp: 14.69 C,66.92002629,63.90177215,Delta,2027-11-18,0.3075374929,-18.71783747,D-B-B,1,35587,"(16, 17)",778,ziyueeaa,525,0
0x2fa,Temp: 15.01 C,82.92867993,20.43114761,Delta,2027-11-19,20.18410625,-21.31810869,C-B-C-C,F,87192,"(10, 17)",199,xuuiyuuz,740,0
0x121,Temp: 37.42 C,87.89789003,,Gamma,2027-11-20,65.38962342,-22.05378924,C-D,F,94046,"(17, 18)",861,yuoozziz,301,1
0x343,Temp: 27.21 C,57.1772352,22.71293487,Gamma,2027-11-21,8.428740103,-21.19915508,D,FALSE,63013,"(2, 4)",824,izzeixez,949,1
0x88,Temp: 18.02 C,51.74463518,71.59455459,Gamma,2027-11-22,3.625609704,23.23757528,A-C-D,0,94511,"(19, 11)",821,yuzixizi,17,1
0x36f,Temp: 29.66 C,43.04274103,28.35643813,Beta,2027-11-23,3.123389984,-20.83165326,A-C-C-D-C,T,19665,"(17, 12)",313,eyyezaee,815,1
0x1d4,Temp: 12.57 C,31.69465878,44.87548421,Gamma,2027-11-24,0.188556753,17.56620658,B,TRUE,37097,"(2, 6)",404,ozieiioz,574,1
0x31a,Temp: 33.28 C,43.45959609,89.71505521,Gamma,2027-11-25,0.6769344191,-22.72675303,D-C,0,62474,"(9, 5)",208,ixeiaaox,434,1
0x270,Temp: 20.76 C,77.38796557,28.18415812,Alpha,2027-11-26,149.4868722,-18.78968753,B-B-C-A,FALSE,81973,"(9, 8)",228,yyezoaxe,43,0
0x17a,Temp: 41.90 C,60.1923431,55.19465069,Delta,2027-11-27,0.0591502763,-21.820837,A-D,1,35185,"(8, 6)",397,ieueiuyx,68,0
0x13c,Temp: 22.41 C,89.252329,47.31517784,Delta,2027-11-28,127.0189607,23.14746843,D-A,TRUE,85911,"(3, 5)",563,oxeyoeaa,380,1
0x3c6,Temp: 28.21 C,44.33800144,11.61303965,Gamma,2027-11-29,0.3805702613,-20.91337602,B-C-D-B,FALSE,40484,"(9, 7)",476,iyzyzxau,212,0
0x3cc,Temp: 10.46 C,60.70895787,80.55547211,Delta,2027-11-30,53.31919125,-17.00768237,B,F,55610,"(4, 7)",112,uyyeyoue,203,0
0x381,Temp: 12.90 C,63.13075531,16.14508566,Alpha,2027-12-01,0.01469210464,18.16357567,C-D-D,TRUE,60807,"(5, 11)",112,zoyyaeoi,726,0
0x174,Temp: 25.70 C,59.16971623,52.20869687,Alpha,2027-12-02,5.79915724,22.64548893,D-C-A-D,FALSE,60907,"(15, 2)",590,yxxyiuxo,109,0
0x3d4,Temp: 29.20 C,70.26337731,59.90036825,Gamma,2027-12-03,0.1096666019,19.66175463,B,F,67389,"(13, 16)",281,yyyiueye,968,0
0xa1,Temp: 34.00 C,23.74334684,65.92995464,Alpha,2027-12-04,0.01432424711,20.15914707,A,F,35835,"(7, 8)",270,oozoxozy,284,0
0x2b7,Temp: 21.67 C,51.23637775,71.28821501,Delta,2027-12-05,1.926302047,-21.51764883,A-A-C-D,T,63790,"(6, 7)",693,iiuizxze,941,1
0x3d3,Temp: 37.80 C,10.42248028,32.54124213,Beta,2027-12-06,20.66446102,21.39264572,D-A-B,1,86960,"(18, 7)",74,zuioiauy,937,0
0x33c,Temp: 44.40 C,38.45113276,10.88811112,Delta,2027-12-07,0.07927564552,-20.55759962,D-B-B-D,T,19643,"(3, 5)",69,yxiixzeo,606,0
0x1b9,Temp: 41.19 C,48.76670686,74.38648595,Beta,2027-12-08,0.01114184007,-19.58266326,C-B-C-D-C,FALSE,85846,"(1, 15)",312,zoeeazxu,225,0
0x1f0,Temp: 11.58 C,65.22242595,57.67343734,Gamma,2027-12-09,0.7591663976,19.37466311,D,0,28951,"(3, 8)",807,oeexyuey,737,1
0x31e,Temp: 29.22 C,95.05310526,84.41447559,Beta,2027-12-10,0.7692755999,-21.71579765,D-A-D-A-D,T,25233,"(9, 15)",90,auyaioey,751,1
0x76,Temp: 14.20 C,60.06510665,83.1035643,Alpha,2027-12-11,5.180796882,21.10713906,D,0,23200,"(10, 2)",396,uaozozze,118,0
0x114,Temp: 19.68 C,74.35939162,85.05602893,Delta,2027-12-12,17.26676774,-19.4854,B-C-D-A-B,F,62275,"(5, 19)",887,yzoeyzyi,932,1
0x2c7,Temp: 49.47 C,50.62660595,53.17342474,Beta,2027-12-13,0.8367369427,22.16422463,D-D-C-A,FALSE,97084,"(13, 11)",390,exzaxyyo,603,0
0x1ef,Temp: 15.70 C,63.41040314,39.69292723,Delta,2027-12-14,261.5197861,19.74193177,D,1,86068,"(1, 15)",829,ooyeueae,340,1
0x220,Temp: 29.96 C,7.093221613,80.44868003,Gamma,2027-12-15,1.959529187,18.29667565,D-C,0,99001,"(18, 16)",673,oiaxiaay,801,1
0x14c,Temp: 34.73 C,25.43915808,50.16517606,Gamma,2027-12-16,0.3537094314,18.4820586,C-D-B-D-D,FALSE,31291,"(9, 1)",275,oyzxeyzx,281,0
0xaf,Temp: 38.10 C,36.18530932,26.32635548,Alpha,2027-12-17,0.007949056176,18.04251833,D-A-C-B,0,52448,"(11, 9)",684,oozyoixx,491,0
0x16c,Temp: 32.39 C,47.2493355,86.09268774,Gamma,2027-12-18,0.4547631428,19.45517997,B-A-C-D,T,40580,"(11, 13)",698,auezoxxa,19,1
0x22a,Temp: 10.39 C,4.56487455,88.54782903,Beta,2027-12-19,0.3645247472,-22.46744856,A-C-D-C-C,FALSE,31346,"(2, 14)",325,zeuuouuy,175,0
0x37f,Temp: 23.06 C,14.00240976,51.5015683,Gamma,2027-12-20,17.8305698,-18.38980964,A-C,T,20619,"(6, 8)",197,ezeyoxao,469,0
0x331,Temp: 30.71 C,27.68143078,16.73727573,Alpha,2027-12-21,4.00462872,-20.37695152,D-A-D-D,TRUE,11766,"(18, 16)",900,iuyaxxei,618,1
0x342,Temp: 13.51 C,97.15326909,44.516522,Delta,2027-12-22,0.02906829072,18.68662131,A-C-A,FALSE,13549,"(12, 11)",99,zxiueaeu,801,0
0x1e3,Temp: 24.03 C,33.13470071,81.51485169,Delta,2027-12-23,1.676591996,-19.47938192,B-D-A,0,28693,"(6, 3)",723,yxiyuxoz,760,0
0x297,Temp: 11.33 C,48.20410581,90.25788854,Gamma,2027-12-24,7.497679069,16.97991758,B,TRUE,72019,"(14, 2)",375,iuaaxxaz,835,1
0x3b6,Temp: 13.14 C,19.60977127,28.10907408,Beta,2027-12-25,97.91444412,-19.55892354,C-B-B-C,T,58328,"(11, 3)",236,oeazzxxo,142,1
0x25d,Temp: 25.88 C,61.07800711,15.96065147,Alpha,2027-12-26,14.33224512,-19.61258924,B-D-C-A,T,87701,"(18, 1)",218,aozaeuau,463,0
0x1d2,Temp: 15.31 C,28.06832155,88.08419033,Beta,2027-12-27,9.801544379,21.08057589,B-D-C-A-D,0,99100,"(1, 12)",770,aezyxuzo,929,0
0xf3,Temp: 32.70 C,20.69925784,44.65703957,Alpha,2027-12-28,1.197526266,-20.44656183,C-B,TRUE,35301,"(15, 5)",660,axaozeia,298,1
0x3d8,Temp: 37.58 C,51.65726284,58.21672582,Gamma,2027-12-29,3.205717763,-17.60321575,A-A-A-A-B,F,54763,"(6, 16)",672,yoiauzxx,470,1
0xa8,Temp: 42.02 C,0.550579916,96.15785727,Alpha,2027-12-30,42.45797241,-22.16839649,A,1,30765,"(12, 12)",489,oueioyax,705,1
0xc6,Temp: 4567.01 C,0.7664032649,15.92426078,Alpha,2027-12-31,0.01834621134,20.42060608,C-C-C-B-B,0,54787,"(3, 2)",828,aiuuoouo,863,0
0x1ef,Temp: 16.70 C,21.90688091,67.70030266,Gamma,2028-01-01,0.3505268461,-20.39678703,D-C-B-A,T,17425,"(7, 2)",177,uiouoazx,815,1
0x7c,Temp: 14.18 C,3.67213625,16.59538261,Beta,2028-01-02,0.09849925973,19.98163529,A-A,FALSE,22857,"(7, 11)",237,aeueuzxo,803,0
0x3de,Temp: 35.46 C,10.80257541,43.41673463,Gamma,2028-01-03,3.118834443,-18.96448511,C-B-B-D,TRUE,62771,"(11, 14)",472,uzaoxaou,373,1
0x238,Temp: 38.26 C,33.88606493,81.53949452,Alpha,2028-01-04,40.07154682,-20.43560468,B-A-A-A,F,32444,"(3, 14)",91,uaiuzioi,468,0
0x247,Temp: 11.26 C,80.25856796,48.57902872,Gamma,2028-01-05,0.1668061599,-20.95117687,C-D-C,1,51457,"(11, 4)",630,aeeayzea,928,1
0x298,Temp: 47.45 C,57.20486434,98.7492295,Alpha,2028-01-06,0.0007686205814,-16.50620862,B-C-C-A-C,FALSE,89741,"(17, 16)",431,uieueoaa,951,1
0xfa,Temp: 12.08 C,51.2667726,59.75627636,Gamma,2028-01-07,0.2903517282,18.92247833,A-D,TRUE,10704,"(3, 10)",609,zuyoizoy,438,1
0xf3,Temp: 31.65 C,29.34888232,38.58343158,Delta,2028-01-08,15.49350953,-19.49010606,D,F,15452,"(15, 8)",730,oxizioze,844,0
0x29c,Temp: 38.36 C,93.17537194,29.58990801,Delta,2028-01-09,5.017288804,20.51234121,D-D,0,48862,"(18, 3)",339,xeoeizie,947,1
0x8a,Temp: 44.84 C,39.70150412,41.19632755,Gamma,2028-01-10,3.613073313,22.38662201,D-D-D-B,F,71471,"(7, 10)",790,ziaiouex,720,1
0xd0,Temp: 38.56 C,8.70927668,43.15546136,Beta,2028-01-11,0.4317191985,-18.45651837,C-B-A-B,0,79217,"(9, 14)",710,yeyyiizz,443,1
0x318,Temp: 42.07 C,61.70665161,16.11551732,Alpha,2028-01-12,0.02155619121,-19.00407631,A-C-D-D-B,TRUE,96058,"(14, 11)",86,uuxoaozx,456,0
0x8d,Temp: 23.58 C,11.38383935,42.89210375,Delta,2028-01-13,4.692112769,18.97493178,C-B-B-B,F,28300,"(1, 4)",619,eioyiioo,248,0
0x11d,Temp: 42.59 C,34.52231428,51.31722826,Beta,2028-01-14,0.08185176348,18.39694482,B-B-A-A,1,19566,"(6, 5)",692,yzyuzxxy,6545,0
0x1f1,Temp: 13.20 C,50.74119387,74.32365995,Alpha,2028-01-15,700.8474181,-19.30562701,D-D,F,17501,"(3, 2)",412,azyuaoxx,402,0
0x142,Temp: 45.79 C,87.42225247,68.44892414,Delta,2028-01-16,5.537380888,-21.54160444,C-D-C-C-B,TRUE,11845,"(3, 9)",231,aeuuuxix,896,0
0x2dd,Temp: 31.90 C,49.35465803,73.08014332,Delta,2028-01-17,0.1751793614,-17.89232901,A-A-D-D,FALSE,49181,"(19, 19)",892,ixzoxzzo,823,0
0xe8,Temp: 42.69 C,70.2258766,10.74436769,Gamma,2028-01-18,0.1597483136,-20.85562879,C-D-C-D-D,FALSE,67263,"(17, 18)",700,ziuiauxx,222,1
0x106,Temp: 28.09 C,99.2816839,29.37239856,Alpha,2028-01-19,0.7566665436,-16.59619554,C-A-D,F,88766,"(11, 12)",78,xxxiyoyi,737,0
0x13a,Temp: 35.74 C,13.14891199,68.88990167,Beta,2028-01-20,0.4874801214,18.87732401,D-C,F,73038,"(3, 18)",800,ezyizuxi,866,1
0x340,Temp: 31.06 C,27.47315255,53.07505377,Beta,2028-01-21,28.5170264,-19.3410214,A-B-D-A-A,0,93290,"(6, 7)",301,yoyxyaeu,184,0
0x14e,Temp: 39.26 C,39.45760756,10.47289933,Beta,2028-01-22,1.74935738,-23.34971935,D-D-C,TRUE,44404,"(1, 6)",382,oeiexxaz,364,1
0x3ae,Temp: 13.27 C,42.18281785,81.60002318,Alpha,2028-01-23,0.1113702306,19.45039539,C-A,0,32564,"(18, 13)",534,eyexziiu,817,0
0x2f5,Temp: 12.41 C,41.10210753,78.78005202,Beta,2028-01-24,290.4182297,-15.59751305,A-D-B-A-A,1,67435,"(19, 7)",92,yyieaiyy,994,0
0x352,Temp: 19.88 C,90.76110026,58.80930551,Beta,2028-01-25,1.15942593,-16.00222219,D,FALSE,28227,"(19, 9)",579,xxuzueii,188,0
0x2af,Temp: 16.38 C,71.40326445,15.91523599,Beta,2028-01-26,10.03941683,20.06805917,B-D-B-A-A,T,57475,"(3, 12)",584,uieazxei,113,1
0x6c,Temp: 44.87 C,60.79052141,78.21983941,Gamma,2028-01-27,0.1612693191,-21.22754171,D-D,T,27215,"(18, 8)",211,exoyxyxo,181,1
0xad,Temp: 18.77 C,30.93727179,61.95050931,Gamma,2028-01-28,2.972332159,20.75091172,A-C,TRUE,81074,"(9, 13)",571,iizaxeai,199,1
0x24f,Temp: 49.03 C,82.37903842,79.59443797,Alpha,2028-01-29,2.542963094,-20.33514021,B-B,TRUE,31699,"(8, 10)",791,izzzuaio,902,0
0x160,Temp: 23.48 C,95.50605115,76.90548232,Alpha,2028-01-30,0.003451494766,-22.3245192,D,T,22454,"(17, 7)",592,yueyuzxx,70,0
0x149,Temp: 17.28 C,82.11982826,81.4671844,Beta,2028-01-31,422.3461892,-18.92081756,B-A-A-B-A,TRUE,58217,"(17, 18)",433,eoeayeeu,598,1
0x26a,Temp: 41.59 C,0.1565105191,56.10271791,Gamma,2028-02-01,48.03516673,21.78982111,A,FALSE,31711,"(2, 3)",427,oeauooix,904,0
0x111,Temp: 36.35 C,63.64013702,22.48888212,Delta,2028-02-02,0.3037391672,16.73597023,B-B-D-C,1,25059,"(19, 1)",874,yaxuuaoz,485,1
0x2f0,Temp: 29.93 C,5.113538144,69.73301513,Delta,2028-02-03,0.03663287487,18.19010433,C-C-D-B-A,1,58398,"(10, 14)",610,eauxyaoy,399,0
0x10b,Temp: 32.21 C,25.76072203,65.22216687,Beta,2028-02-04,2.83682322,16.38591721,B-B-D,0,11286,"(13, 9)",765,yyiyieey,922,0
0x10d,Temp: 38.77 C,5.952470035,76.06053366,Beta,2028-02-05,1.297050834,-19.4503094,B-C-B-A,FALSE,44297,"(6, 6)",828,oxeioyoo,551,1
0x1ec,Temp: 19.14 C,60.37954529,25.11940954,Gamma,2028-02-06,2.906666366,19.90747757,D-A-A,TRUE,36485,"(19, 10)",728,axyxezxu,643,1
0x37e,Temp: 49.85 C,68.65899135,27.35279279,Gamma,2028-02-07,1.776654655,20.22820298,C-C,TRUE,69967,"(3, 18)",294,ieyxiyye,953,1
0x2dd,Temp: 48.99 C,11.44876381,89.24644703,Gamma,2028-02-08,4.566390044,20.12376671,D-C-B-A-C,0,64583,"(19, 5)",93,uizzzuia,10,1
0x125,Temp: 36.01 C,38.3838883,76.74802406,Alpha,2028-02-09,76.85473627,-18.14489334,B-C-C,0,61630,"(11, 10)",522,yaiziuyx,3,1
0x268,Temp: 17.98 C,45.6236509,90.83233549,Alpha,2028-02-10,5.497588906,-19.61951831,C-B-C,TRUE,37086,"(17, 4)",227,yoieeeax,478,0
0x80,Temp: 37.21 C,36.90530218,77.52566358,Beta,2028-02-11,0.04289643757,17.00510666,B-A-A-B-A,TRUE,26484,"(18, 18)",177,uxaxxyei,814,0
0x108,Temp: 12.89 C,12.10250005,63.14682223,Alpha,2028-02-12,59.60196588,22.72645795,A,FALSE,78623,"(1, 14)",685,exiyuoia,662,0
0x209,Temp: 11.23 C,41.89477902,68.2178136,Gamma,2028-02-13,137.2554366,-19.39274785,B-D-B-B,0,69263,"(8, 2)",320,eyyexxxz,67,1
0x1b6,Temp: 20.31 C,75.11780478,89.13238523,Gamma,2028-02-14,12786.81964,19.02222776,A-C-D-D,FALSE,28675,"(19, 15)",837,yxeziuia,705,1
0x2eb,Temp: 28.50 C,7.100766453,61.51380115,Alpha,2028-02-15,0.0343730621,23.17788066,B-B-C-C,F,70664,"(2, 4)",933,zezieyay,97,0
0x253,Temp: 44.73 C,8.018001408,66.28282787,Delta,2028-02-16,2.072272932,17.51550693,C-D-A-C,TRUE,34680,"(1, 19)",807,oooeieyu,531,1
0x1d0,Temp: 39.09 C,35.47712918,23.92642772,Beta,2028-02-17,0.001937617585,17.74882577,D,T,27077,"(10, 1)",631,yiyyaxoi,996,0
0x3a4,Temp: 39.71 C,94.17257116,52.17898859,Delta,2028-02-18,5.256405716,-17.80755935,C,T,48174,"(15, 4)",490,zzzzioya,318,0
0x1b9,Temp: 27.02 C,66.85726467,73.75934296,Beta,2028-02-19,0.1930896105,-19.86425724,C-D-A-B-A,F,86968,"(7, 7)",293,eeyyxzio,98,1
0x257,Temp: 23.84 C,67.86699567,34.11390015,Delta,2028-02-20,320.6458953,-20.86326326,D-D-B,TRUE,13491,"(18, 13)",266,yyuaeaax,57,1
0x2f4,Temp: 24.84 C,36.19199908,28.00062207,Alpha,2028-02-21,0.09789645798,21.47935094,D-C-B,0,56126,"(10, 8)",666,zaoxyoxo,863,0
0x262,Temp: 49.51 C,59.36607912,37.93058593,Beta,2028-02-22,0.006297836521,25.14399063,D-D-A-B-B,T,13392,"(10, 14)",506,xxioiyzz,107,0
0x1aa,Temp: 11.60 C,1.013118403,31.49355589,Beta,2028-02-23,0.2432194341,-15.50113509,B-C,0,72257,"(14, 11)",567,xzexeeee,88,0
0x13c,Temp: 44.68 C,63.60960464,29.1272247,Beta,2028-02-24,0.002667900852,-21.21747118,D-D,T,77804,"(6, 1)",637,zouoyuoy,972,1
0x190,Temp: 33.15 C,91.32869476,47.81172502,Gamma,2028-02-25,9.519081504,-18.88573885,A,0,48400,"(19, 7)",860,zeaxuaeu,653,1
0xe7,Temp: 27.54 C,61.25734683,90.79762774,Gamma,2028-02-26,0.002039095119,18.8271697,D-D-A-A-C,T,46551,"(18, 3)",136,aoyeooeu,656,1
0x387,Temp: 39.01 C,87.36985935,55.12830856,Delta,2028-02-27,1.089122955,-18.76045574,D-A-C-C,0,38088,"(11, 5)",762,xiixzeix,912,1
0xa9,Temp: 29.47 C,72.39730555,26.72491389,Alpha,2028-02-28,0.001962697533,18.18246066,A-D-A-B-C,F,90015,"(19, 2)",512,axzuyxoo,371,0
0x15f,Temp: 44.94 C,12.05584164,16.85047857,Gamma,2028-02-29,0.382550957,23.36904967,B,FALSE,35465,"(4, 10)",597,yeoaxyae,375,0
0x202,Temp: 46.03 C,90.24533073,71.95789692,Beta,2028-03-01,138.3981211,-21.68459465,C,0,58155,"(2, 8)",610,oyixiueu,52,1
0x376,Temp: 26.87 C,6.644384436,44.06909003,Gamma,2028-03-02,2.950408615,-20.04639196,C-D-A-D,FALSE,97893,"(1, 6)",74,iiiuyezx,724,1
0x220,Temp: 21.07 C,53.39674725,83.14295425,Alpha,2028-03-03,0.074983978,22.7020315,B-C,FALSE,15969,"(11, 10)",326,zyxazazi,41,0
0x3cf,Temp: 33.69 C,14.21371238,68.69645841,Gamma,2028-03-04,0.9106374167,-16.97494207,B-D,TRUE,18981,"(13, 1)",623,ezeooyzu,816,1
0x119,Temp: 46.49 C,1.170661073,80.8654891,Beta,2028-03-05,1.055538028,-17.33858974,D-D-A-B-D,F,31032,"(2, 3)",927,zzoyxxyu,91,1
0x10a,Temp: 18.43 C,42.20342601,34.20319751,Delta,2028-03-06,4.128404602,15.64406454,D-A-C-B,FALSE,64091,"(9, 5)",564,aieayxau,39,0
0xbe,Temp: 34.92 C,29.50407077,71.6199441,Beta,2028-03-07,0.01656314736,18.60117092,C-C-B-A-C,1,34408,"(10, 10)",,ixuyaeou,13,1
0x32d,Temp: 35.26 C,48.60004938,33.50151664,Alpha,2028-03-08,5.916244198,20.32339705,D-B-D-A-D,FALSE,34241,"(12, 18)",67,xaooaiax,900,0
0x3bd,Temp: 39.32 C,57.71998867,93.57709467,Delta,2028-03-09,0.0002995662704,20.20571716,C-D-B-C-B,0,57940,"(1, 3)",871,yexyoeuo,608,1
0x276,Temp: 15.26 C,4.373907231,66.63731106,Gamma,2028-03-10,0.1511241405,20.29868382,A-D-B-B-B,FALSE,92938,"(5, 17)",423,ziauzxeu,621,1
0x8a,Temp: 38.63 C,12.30032951,38.88155022,Gamma,2028-03-11,0.2311192363,-17.17788634,D-B-B-C-B,0,61105,"(8, 17)",218,zzziauxe,104,1
0xe1,Temp: 46.36 C,55.86423965,33.98655574,Gamma,2028-03-12,6.685763923,21.60630949,C-C-C-A,0,71050,"(9, 6)",126,uaxueaii,866,1
0x226,Temp: 17.19 C,34.31673532,26.99246607,Delta,2028-03-13,1.070250312,20.47925504,B-A-A,1,13657,"(17, 8)",309,oueuaoeu,743,1
0x110,Temp: 19.50 C,72.91734875,71.82304534,Beta,2028-03-14,0.01474738999,21.46610856,A,FALSE,31230,"(7, 7)",282,eaoeaieo,43,0
0x2f0,Temp: 48.86 C,65.22916486,29.46568956,Delta,2028-03-15,0.05207973458,-16.21447564,A,FALSE,28680,"(15, 7)",499,yxxeeaux,209,0
0x355,Temp: 17.24 C,84.5604363,62.98199067,Delta,2028-03-16,1.81491753,20.62298172,C,T,92694,"(8, 9)",137,zuxezooy,5423,0
0x13f,Temp: 44.18 C,69.24928267,33.5525174,Alpha,2028-03-17,0.7888319077,17.62446952,C-A-D,T,94731,"(15, 2)",736,xzxaeeyu,605,0
0x2e1,Temp: 29.69 C,42.99310774,68.91523609,Delta,2028-03-18,0.175982217,19.20535349,C-A-B-B-A,TRUE,52340,"(7, 15)",135,aiooeyza,686,0
0x9d,Temp: 19.89 C,67.29666224,82.52963584,Gamma,2028-03-19,0.2363358556,-21.0687298,A-A-D-D,0,45950,"(18, 18)",377,ioaixeuo,476,1
0x2f7,Temp: 44.83 C,27.53811743,79.24424664,Beta,2028-03-20,8.072829105,20.18218721,B-A-C-D,1,88515,"(10, 18)",580,oiuzxaea,638,1
0x23f,Temp: 27.81 C,30.63134988,77.71576845,Beta,2028-03-21,0.2115957385,18.29692004,A-C-A-A,T,17867,"(1, 7)",60,izzoxoax,109,0
0x22b,Temp: 30.59 C,78.89851599,26.70729411,Beta,2028-03-22,0.7677633494,20.01254631,C-C,FALSE,90691,"(3, 14)",697,yeiezize,559,0
0x3a0,Temp: 24.37 C,44.64195164,17.86626028,Gamma,2028-03-23,671.6986243,-16.93692937,D-C-B-C,TRUE,88542,"(12, 14)",700,yauxiaoo,214,postive
0x3e2,Temp: 33.72 C,79.83803405,72.20644574,Gamma,2028-03-24,0.01396713917,-22.30053479,D-B-A-A,1,14329,"(4, 13)",301,ezozuiei,604,1
0x1cc,Temp: 16.54 C,82.24223737,42.78290203,Gamma,2028-03-25,0.003866025916,,A-A-C,F,98087,"(16, 16)",368,iyaoxizu,693,1
0x64,Temp: 25.64 C,85.75623377,48.47881415,Gamma,2028-03-26,10.49363617,-22.23709989,D-C-D-D-C,FALSE,45865,"(5, 6)",582,yzuzxooe,409,positive
0x1e6,Temp: 48.78 C,,12.77226926,Gamma,2028-03-27,0.1305591127,18.94693663,A-A-A-A,FALSE,76940,"(6, 18)",737,ezeoizax,553,1
0x1bf,Temp: 20.33 C,43.09852205,33.10230399,Delta,2028-03-28,0.3849227619,18.95284802,D-B-D-A-B,F,47869,"(6, 7)",370,yxxeauou,771,0
0x121,Temp: 36.27 C,31.88668183,12.99719994,Gamma,2028-03-29,0.09599404368,-18.47162643,A-A-A-C,0,76905,"(16, 9)",930,eiyyeaye,633,1
0x25c,Temp: 23.01 C,58.21987466,88.24753376,Gamma,2028-03-30,0.4586809437,-21.75234786,B-A,0,93984,"(13, 12)",890,xiiooxzz,77,1
0x122,Temp: 40.94 C,37.11724234,31.66230481,Gamma,2028-03-31,120.9786806,18.58113769,A,T,99711,"(19, 1)",885,izxizzza,95,1
0x25f,Temp: 15.23 C,60.10741668,59.60300809,Gamma,2028-04-01,11.09378871,21.28919086,A-C-A-C,T,76252,"(8, 4)",589,zzeoayzz,269,1
0x1d4,Temp: 48.79 C,70.55858626,13.46915954,Beta,2028-04-02,13.2854644,-19.2350952,B,FALSE,89386,"(19, 5)",193,ezzzoyxy,361,1
0x1fc,Temp: 28.15 C,68.84050185,69.34941783,Gamma,2028-04-03,0.01428305846,-16.0480734,A,FALSE,11711,"(17, 3)",205,azuyuoay,530,1
0x39b,Temp: 19.44 C,37.4552887,38.74943377,Delta,2028-04-04,0.03163594801,-18.85937186,A-A-A,T,35801,"(19, 1)",428,zeyzeaua,805,1
0xd8,Temp: 12.94 C,16.68602017,89.91480764,Delta,2028-04-05,0.0001999914428,-17.64178357,B-C-B,F,97287,"(1, 9)",864,zuuxxeoi,683,0
0xe9,Temp: 16.79 C,43.05293385,89.04251882,Delta,2028-04-06,0.08820051621,20.06780545,B,T,63270,"(5, 7)",320,auzaozoi,162,0
0x9d,Temp: 30.79 C,14.25941441,38.95086503,Alpha,2028-04-07,17.6389506,-17.61918453,C-B-C,FALSE,81622,"(6, 17)",597,zyiuxyix,465,0
0x28f,Temp: 23.48 C,89.00970352,90.18551972,Beta,2028-04-08,4.715427345,-21.8519502,C-D-C,1,65535,"(17, 13)",187,yxuzezxz,823,1
0x310,Temp: 43.16 C,34.58774607,98.65803294,Gamma,2028-04-09,0.5145102566,19.81784828,D-C-B-C,FALSE,86759,"(12, 4)",85,uiaizoie,564,1
0x303,Temp: 27.24 C,15.44597472,83.46199411,Alpha,2028-04-10,0.9352879295,19.64480801,B,1,26220,"(8, 5)",520,uxouuxyi,981,0
0x110,Temp: 19.95 C,2.544775991,85.19354995,Gamma,2028-04-11,0.1266083738,21.31178428,D-B-B-C,1,23392,"(5, 13)",782,ayoxeeaa,548,1
0x3a0,Temp: 34.69 C,64.58223863,32.16177751,Alpha,2028-04-12,1.848319129,21.92781387,C-B-D-B-B,FALSE,95587,"(11, 8)",205,ieozxaaa,950,0
0x392,Temp: 38.27 C,63.69023175,61.3265135,Alpha,2028-04-13,9.950619778,19.9598025,A-A-D,TRUE,12246,"(8, 1)",889,zxoezzyo,187,0
0xf8,Temp: 16.68 C,34.06041666,15.98577634,Delta,2028-04-14,0.00784671456,-18.4575994,A-B,T,30010,"(13, 5)",826,xoiyxyya,882,0
0xb3,Temp: 16.70 C,7.171188885,18.44769638,Delta,2028-04-15,2.45700484,-16.45206077,B,0,78358,"(8, 17)",292,eyiixuza,760,0
0x3d9,Temp: 11.47 C,40.96288949,98.90144247,Alpha,2028-04-16,16.40038176,-18.62790049,D-B-A-D-B,FALSE,27234,"(13, 9)",62,eeezxayy,52,0
0x138,Temp: 39.46 C,31.12174951,39.0708932,Delta,2028-04-17,0.2878542893,18.76557551,B-B-B-D-D,1,59451,"(2, 19)",428,xezyoozz,488,0
0x12e,Temp: 36.55 C,67.71206397,76.58836817,Alpha,2028-04-18,8.183351916,-20.21411491,C,FALSE,85205,"(17, 7)",801,aexzzuzu,531,0
0x35f,Temp: 28.99 C,60.57792495,81.79318972,Beta,2028-04-19,4646.935892,19.30970624,A-B,T,31784,"(3, 19)",321,uoxueeui,396,1
0x148,Temp: 43.77 C,36.45937282,86.36407112,Delta,2028-04-20,0.7312291608,-21.37586594,D-B-B-D,F,39672,"(19, 9)",217,uiaaexox,92,0
0x307,Temp: 42.23 C,21.78925543,98.78891847,Delta,2028-04-21,3.254117606,-18.77403346,D-C,1,11082,"(10, 14)",716,eexoeyyo,651,1
0x146,Temp: 33.41 C,98.80359662,31.49318719,Delta,2028-04-22,0.1092440126,19.88591767,B-B-B,0,21148,"(18, 15)",360,eyaieiuy,816,0
0x2f6,Temp: 44.73 C,45.40016212,13.59122359,Beta,2028-04-23,1.722459976,22.36797489,A,0,37494,"(1, 6)",632,eaoaioaa,357,0
0x277,Temp: 18.23 C,68.82742358,46.5960451,Alpha,2028-04-24,3.978141995,-20.68365043,D-B,0,85093,"(15, 6)",519,axzoazyy,732,0
0x21c,Temp: 14.48 C,14.05529676,21.57717961,Gamma,2028-04-25,1.794142193,-19.87992492,C-C-A,F,61952,"(18, 1)",228,aiayauzo,611,1
0x1f5,Temp: 2002.79 C,48.55896997,11.99590414,Delta,2028-04-26,0.04693057208,-18.79611112,D-D-D-C,TRUE,46719,"(3, 17)",218,uzzxizux,748,0
0x92,Temp: 12.28 C,2.753671987,42.07798762,Alpha,2028-04-27,1.857228484,-18.73353721,B-A,1,58737,"(16, 8)",905,eoauuaai,719,1
0x14c,Temp: 31.25 C,50.54551179,79.75270435,Beta,2028-04-28,80.36572796,-18.29877349,C-C-A-C,F,69453,"(17, 8)",193,uuyzeyxe,144,0
0x194,Temp: 47.46 C,96.40174071,60.39008152,Gamma,2028-04-29,3.841670483,18.91798627,A-C,1,49536,"(17, 9)",784,yueuoieu,199,1
0x271,Temp: 11.57 C,38.4206713,37.83724104,Delta,2028-04-30,17.92079136,21.51133168,A-C-B-C-D,F,60604,"(12, 19)",801,ezzxioaz,815,1
0xf2,Temp: 14.88 C,3.899601257,68.23643849,Beta,2028-05-01,0.491135162,19.55622346,D-D,F,60833,"(4, 11)",88,aeuxzioo,323,0
0x202,Temp: 28.09 C,3.095579092,30.64961805,Beta,2028-05-02,9.484896755,17.30045386,A,TRUE,24039,"(4, 14)",84,zzyoaiya,799,0
0x264,Temp: 47.36 C,38.79867599,11.2799487,Gamma,2028-05-03,2.311284694,-23.53633859,C-B-D-A-B,1,77839,"(14, 6)",413,eoizoaaa,332,1
0x1d8,Temp: 22.65 C,16.00249365,78.02745139,Alpha,2028-05-04,0.05768649496,-20.63993038,A-C-B,F,57931,"(17, 2)",232,oiieoexe,264,0
0x299,Temp: 30.29 C,2.335209633,65.51313455,Delta,2028-05-05,2.600134084,17.1861132,A-A-A-B-A,TRUE,49925,"(8, 4)",126,eezaxyze,217,0
0x3d9,Temp: 11.66 C,75.6213614,77.84493358,Delta,2028-05-06,0.05104284044,-19.11630215,D-C-A-D,FALSE,61003,"(10, 7)",874,ieazuyxu,701,1
0x166,Temp: 15.93 C,45.85230089,13.46548349,Alpha,2028-05-07,0.1497720474,20.22177277,B-A-B-B,T,93817,"(4, 16)",263,uxoyzyia,556,0
0x2f3,Temp: 49.47 C,28.9244772,84.50364688,Alpha,2028-05-08,1.764707443,-23.40918419,A-D-D-A-C,F,58897,"(14, 16)",97,xzuaaoue,434,0
0x23a,Temp: 48.60 C,90.0083183,65.1378318,Alpha,2028-05-09,2.439352951,-17.78377508,B-D-B-D,0,97745,"(9, 4)",179,auyaooeo,803,1
0x6f,Temp: 10.20 C,11.61389602,60.14218621,Gamma,2028-05-10,0.02822076018,-21.95208144,C-B-C,TRUE,52287,"(6, 1)",782,zuxoxeyi,460,0
0x1ad,Temp: 48.07 C,95.5918829,65.59065028,Gamma,2028-05-11,23.61677616,22.79897285,D-A,TRUE,43012,"(7, 1)",496,azaueeea,701,1
0x343,Temp: 35.56 C,31.39667174,86.93455897,Delta,2028-05-12,5.562339732,18.74269139,A-B-A-A-A,F,51783,"(19, 8)",721,oaaayyoi,503,1
0x373,Temp: 44.72 C,88.84036723,62.23734908,Gamma,2028-05-13,0.1207316087,19.44497276,C-B-A-D,TRUE,95727,"(3, 1)",567,uiiaziaa,469,1
0x1c9,Temp: 28.19 C,60.29428765,61.70458381,Beta,2028-05-14,0.009924444841,17.92738151,D-A-C,FALSE,78315,"(1, 7)",96,ueayiuxx,986,0
0x1fb,Temp: 30.62 C,82.67073597,98.17044498,Delta,2028-05-15,0.6474499814,-19.59307772,C-C-D-C,TRUE,93766,"(13, 1)",604,xieozezu,951,1
0x2ff,Temp: 29.55 C,98.40131632,77.34898487,Gamma,2028-05-16,0.2624141911,-19.92682005,C-B-A-B,T,56491,"(16, 14)",692,exeuuxyi,706,1
0x1d8,Temp: 36.67 C,28.84054378,49.36414869,Alpha,2028-05-17,1.404134883,-21.3193,C,T,98941,"(4, 12)",366,zaooxyoe,782,0
0x6b,Temp: 15.59 C,96.11354854,72.958333,Beta,2028-05-18,0.336435111,-22.18036694,D-A-B-A-C,0,68584,"(12, 17)",781,uzyuxuza,366,1
0xdd,Temp: 11.20 C,38.94818949,44.64151198,Alpha,2028-05-19,0.002423916685,18.50380787,D-C,FALSE,22803,"(15, 10)",764,uuyzeioe,772,0
0x1bf,Temp: 22.32 C,38.55119047,30.36991616,Delta,2028-05-20,0.3119099312,-16.06534987,D-C,T,59625,"(3, 12)",674,eeoxeixu,913,1
0x307,Temp: 38.19 C,34.03871043,63.11981704,Alpha,2028-05-21,0.3997734237,-19.95751044,A-A-D-A,F,23698,"(1, 1)",180,iyzxuuee,239,1
0xbd,Temp: 18.07 C,54.14076073,92.60820673,Gamma,2028-05-22,6.692470405,-20.58707506,C-B-D-B,1,44560,"(10, 18)",576,oaiooizx,624,1
0x2eb,Temp: 36.94 C,15.41450432,92.69341728,Gamma,2028-05-23,0.1231196018,20.49883538,A-C-B-C,1,25376,"(15, 2)",615,yiuyzazx,581,1
0x31d,Temp: 48.80 C,55.37114854,40.42956975,Delta,2028-05-24,153.8570647,19.3466535,D-A,1,93654,"(17, 8)",709,eaazeaxx,5674,1
0x19f,Temp: 13.76 C,54.17048124,56.96329449,Alpha,2028-05-25,0.003231135512,20.2495042,B-D-D,F,23117,"(9, 11)",566,xooxeeii,561,0
0x115,Temp: 36.90 C,76.19018126,28.83559497,Delta,2028-05-26,51.08559164,-23.03088962,B-B,TRUE,66381,"(6, 14)",209,zxyaaeya,823,1
0x27f,Temp: 27.75 C,83.36499619,98.61116875,Alpha,2028-05-27,0.510197735,20.76346834,B-B-A-D-B,F,47956,"(1, 7)",819,zuoaaiua,967,1
0x33f,Temp: 44.73 C,44.04413503,97.3194938,Beta,2028-05-28,13.1807129,-19.25326315,D-C-B,TRUE,58786,"(9, 11)",366,ozaeuayu,663,1
0x3c8,Temp: 17.09 C,30.23332494,67.80629474,Gamma,2028-05-29,1.270492286,-18.99960437,A,1,97778,"(16, 19)",899,aozzouxi,751,1
0x8c,Temp: 37.71 C,25.93348973,81.59285131,Delta,2028-05-30,30.52868117,-19.66029528,B-B-C-A-B,0,76480,"(2, 15)",804,iexiuiea,849,0
0x347,Temp: 43.52 C,19.46238367,73.64391435,Beta,2028-05-31,0.3128329636,23.27347992,B-B-D-A,0,41695,"(3, 4)",318,iuuezyey,396,0
0x323,Temp: 47.78 C,5.76475822,62.79108149,Beta,2028-06-01,0.03703613299,19.63339858,A-D-C-A,TRUE,11511,"(7, 12)",334,oozoyauz,395,1
0x259,Temp: 37.33 C,34.24479788,14.74797173,Delta,2028-06-02,70.91719025,-19.96041131,C-A,1,63233,"(4, 10)",814,ouezaeux,627,1
0xf4,Temp: 29.89 C,27.02476921,50.47402649,Delta,2028-06-03,0.7114558342,-19.03537286,A,F,32502,"(6, 14)",223,yxoxezyx,75,0
0x12c,Temp: 34.71 C,96.64173859,70.05598089,Beta,2028-06-04,1.943859483,22.19796671,A-B-A-B,0,60010,"(3, 17)",924,iauzyzoe,98,1
0x337,Temp: 44.76 C,55.77088263,70.30031364,Alpha,2028-06-05,40.61980446,23.91967451,B-C,TRUE,83905,"(11, 10)",413,aoexyuyi,383,0
0x230,Temp: 32.82 C,34.7277039,43.20791304,Beta,2028-06-06,0.04523583365,20.9012261,D,F,56489,"(10, 10)",599,zizyxuau,623,0
0x33f,Temp: 11.22 C,58.0467601,93.81058681,Delta,2028-06-07,5.968363045,-20.16554581,A-B-A,1,93533,"(3, 15)",312,xeyyyyai,869,1
0x353,Temp: 47.24 C,13.91967013,24.89477587,Beta,2028-06-08,0.1703867767,-20.07356567,C-D-A,FALSE,91165,"(17, 18)",303,xexoooiu,370,1
0x291,Temp: 37.58 C,44.40437492,54.53199071,Alpha,2028-06-09,0.6726648503,-15.23138642,A-D-C-B-A,1,41949,"(19, 19)",322,ayizeeoz,285,1
0x286,Temp: 37.06 C,62.62343214,71.48867391,Gamma,2028-06-10,1.242141488,21.49030173,B-C-A-A,1,78376,"(12, 5)",161,aoeeyuyu,256,1
0x160,Temp: 18.63 C,48.88978318,72.04508672,Gamma,2028-06-11,0.01110160502,20.26833283,C-A-B-C,F,89587,"(16, 15)",838,yuoxzaui,830,1
0x1e9,Temp: 36.36 C,40.17788007,67.72886715,Beta,2028-06-12,0.09666429993,20.8566841,D-D-A,F,77310,"(15, 6)",880,uoauyaie,309,1
0x2b5,Temp: 25.75 C,99.38483889,34.500651,Alpha,2028-06-13,57.58249857,-18.57707561,A-A-C,T,88798,"(12, 2)",809,yaxuyoxz,629,0
0x3d6,Temp: 36.05 C,88.03147621,23.90238461,Gamma,2028-06-14,14.27591092,-19.23108624,B,T,79407,"(9, 4)",311,zxoozoxa,176,0
0x163,Temp: 14.26 C,62.34059582,66.59868909,Beta,2028-06-15,0.8286820498,19.17795013,A-D,F,83809,"(5, 8)",668,oexxxiaa,228,1
0x328,Temp: 36.31 C,56.93773612,63.33788834,Beta,2028-06-16,2.073774497,-22.04324597,A-B,F,27229,"(10, 7)",179,oxyxoazo,347,1
0x392,Temp: 49.98 C,62.06604798,25.96268492,Alpha,2028-06-17,0.4136531257,19.24248033,A-A-A,FALSE,37385,"(14, 5)",377,zoooouux,618,0
0x225,Temp: 11.93 C,20.13121078,72.75738396,Delta,2028-06-18,58.5423344,-24.16532064,A-A-D-C-D,FALSE,52176,"(16, 15)",589,xyyuaiay,342,1
0x6d,Temp: 49.09 C,39.51377433,50.51030726,Beta,2028-06-19,0.5482314466,20.86172484,C-D-B-D,1,13260,"(5, 3)",524,xuaizoeu,896,0
0x39b,Temp: 26.28 C,3.945953289,69.43069265,Delta,2028-06-20,2.004763856,-17.44863468,B,0,13145,"(10, 5)",883,uiooezoz,962,0
0x381,Temp: 44.83 C,47.55460375,84.5256701,Delta,2028-06-21,31.12746139,-19.74290741,D-D-B,FALSE,17802,"(15, 18)",406,izxoxyyx,239,0
0x155,Temp: 41.30 C,54.3024584,25.10583014,Gamma,2028-06-22,0.097090237,18.69664976,D-C-B-A,1,12263,"(8, 2)",503,iuuuauie,612,1
0x15e,Temp: 32.68 C,22.77497361,11.70389325,Delta,2028-06-23,107.3793137,15.61123506,C-C,TRUE,36913,"(8, 8)",388,youayzyx,688,0
0x3d0,Temp: 39.54 C,96.40288472,79.34013019,Alpha,2028-06-24,0.01013881421,23.19894188,B-D-D-B,T,67788,"(4, 19)",836,aieuuazi,350,1
0x68,Temp: 45.14 C,90.94546109,64.26307084,Gamma,2028-06-25,132.8109108,21.40628508,A-A-B,0,18155,"(18, 1)",827,aaeieiuo,955,1
0xda,Temp: 26.17 C,72.21432355,72.2679217,Gamma,2028-06-26,0.3269242613,21.06641464,C-B,1,10922,"(15, 18)",276,xozzyioa,455,1
0x384,Temp: 23.08 C,53.33866288,84.59579277,Gamma,2028-06-27,0.4828273013,-20.33080732,C-D-B,F,82231,"(12, 1)",64,uzxxyxuo,441,0
0x1d9,Temp: 36.70 C,86.99691596,81.4501732,Beta,2028-06-28,0.003447760071,17.23596486,B-A-A-A-D,TRUE,30672,"(7, 19)",609,xzxiaiou,761,1
0xa4,Temp: 42.31 C,13.06523438,95.52189308,Beta,2028-06-29,0.2555380001,19.03276572,C-D-C,T,48526,"(1, 7)",199,uieizeyi,588,0
0xf5,Temp: 40.49 C,79.05097943,57.69822202,Delta,2028-06-30,0.04418280498,21.68356155,C-B-D,TRUE,55344,"(2, 7)",205,eexyxeea,515,0
0x143,Temp: 41.91 C,12.4820814,53.47611131,Gamma,2028-07-01,0.1615502505,-17.89755994,D-B-B-C-D,1,29014,"(19, 13)",310,zezxeuae,81,1
0x152,Temp: 27.42 C,79.42106625,45.76796079,Gamma,2028-07-02,0.6623687212,14.93646137,A,FALSE,83352,"(5, 19)",770,xxoxzazx,361,1
0x114,Temp: 42.71 C,27.57675683,23.67850281,Alpha,2028-07-03,17.69664093,19.54578798,B-C-C-C,T,50324,"(1, 1)",271,uiuyzuaa,288,0
0x36e,Temp: 14.81 C,87.7090581,60.96204373,Delta,2028-07-04,1.864159077,19.71648489,C-B-D-D,TRUE,48698,"(18, 1)",672,oxoaxaai,8,0
0x3b8,Temp: 31.78 C,94.40420938,34.65411467,Alpha,2028-07-05,2.51690497,-20.27112683,A-A-B,FALSE,87169,"(5, 9)",923,uozoeyia,87,0
0x17d,Temp: 10.23 C,14.87959694,91.99636859,Delta,2028-07-06,0.03738229185,-21.45703729,C-D-D,0,33384,"(12, 9)",767,aixoayeo,998,0
0xa2,Temp: 22.98 C,46.26756051,61.90398158,Delta,2028-07-07,0.07120001365,21.27521162,B-D-C,1,13512,"(18, 11)",124,uzzyiozu,286,0
0x13c,Temp: 24.66 C,98.09873782,62.76277607,Beta,2028-07-08,220.5611664,-20.51753961,C-D-D-C,1,16066,"(1, 19)",668,exzixzya,399,1
0x3b9,Temp: 25.85 C,48.3407436,41.58829482,Beta,2028-07-09,0.1101840528,22.39106278,D-D-B-A-B,T,41500,"(10, 2)",661,xayzuoeu,74,1
0x39e,Temp: 37.82 C,86.35475225,14.62705233,Alpha,2028-07-10,143.8289514,-16.96206044,C-B-D,TRUE,88743,"(7, 2)",837,exexeiuz,439,0
0x37e,Temp: 25.54 C,58.87315221,12.82519512,Delta,2028-07-11,0.4823025829,21.00916363,B-B-C-D-A,0,95642,"(19, 6)",472,ziozoaza,123,1
0x314,Temp: 27.95 C,37.53299079,47.67682783,Gamma,2028-07-12,1.006887418,-21.25307673,A-B-A-C-D,F,89858,"(10, 9)",861,zzayoexy,377,1
0x230,Temp: 19.50 C,28.57835555,17.52631865,Beta,2028-07-13,24.80624611,17.52087543,D-C-C-C,T,64800,"(8, 11)",927,euozzzxx,806,1
0x2c5,Temp: 24.93 C,20.32230911,64.00937904,Gamma,2028-07-14,45.40749892,16.99425878,A-C-B-C,F,73140,"(9, 9)",835,xaxxoeyy,143,1
0xcc,Temp: 19.09 C,76.17981914,88.4065975,Alpha,2028-07-15,0.7171733611,-18.50811575,D-B,T,94954,"(8, 15)",607,zeiiuoii,158,0
0xc6,Temp: 12.93 C,38.65405068,88.57941867,Beta,2028-07-16,0.3120071544,18.67691711,C-A-D,TRUE,12387,"(2, 1)",633,oezuuuie,430,1
0x262,Temp: 34.14 C,51.12754622,68.6550415,Beta,2028-07-17,0.8455556062,21.50683893,C-A-C-C,0,66160,"(9, 9)",62,uouyaeae,448,0
0x1e4,Temp: 36.73 C,49.232548,28.799633,Delta,2028-07-18,2.756254202,18.77092243,B-C-D,TRUE,69241,"(13, 8)",627,xoxiixeu,410,0
0x1f8,Temp: 34.78 C,57.72790292,86.80671799,Alpha,2028-07-19,14.49655537,18.28730296,D,1,83567,"(5, 3)",365,aouiuzzx,371,0
0x39a,Temp: 28.54 C,86.55771456,88.86231574,Delta,2028-07-20,1.012770431,-18.77673253,C-D-A,F,11799,"(4, 17)",364,zxyyazie,109,0
0x269,Temp: 25.19 C,98.07393436,27.50216906,Beta,2028-07-21,6.402310201,22.23726467,D-B-B-B-B,FALSE,45548,"(16, 16)",162,zoxzoiey,846,0
0x23f,Temp: 44.53 C,40.75842086,75.63092163,Alpha,2028-07-22,136.3301063,-20.02608675,C-C-D-C-B,1,43895,"(3, 6)",369,xaoziozy,707,0
0x328,Temp: 30.76 C,82.75189221,35.50023985,Beta,2028-07-23,3.139077091,-19.64149795,D-A-D-D-D,1,90171,"(1, 16)",502,yeayeyxu,36,1
0x3c2,Temp: 29.17 C,76.45277947,81.4349878,Alpha,2028-07-24,2.547107924,-19.779989,C,F,50379,"(15, 7)",478,eeoyeixo,90,0
0x2e8,Temp: 11.03 C,57.35289515,98.75417309,Beta,2028-07-25,0.01049629989,-22.58412067,B-D-A-D,T,55414,"(2, 10)",473,ouxzixeu,974,0
0x3c9,Temp: 23.65 C,95.60471436,12.67231447,Gamma,2028-07-26,0.0003736502306,18.50165655,D-B-A-D-B,1,83071,"(15, 6)",380,iuxaxeua,415,1
0x366,Temp: 25.21 C,20.04745155,89.86556206,Gamma,2028-07-27,3.206330663,22.63101658,D,0,78344,"(2, 17)",102,euuxyuuo,974,0
0x218,Temp: 25.95 C,10.92642103,65.41411749,Delta,2028-07-28,0.7524109006,-20.4209926,B-D-D-D-B,1,88591,"(1, 1)",787,yuxoozae,296,1
0x7a,Temp: 33.21 C,85.3961967,96.63105311,Gamma,2028-07-29,0.2134509906,19.67916124,B-A-A-B,0,14297,"(4, 16)",280,oiozizzy,842,1
0x298,Temp: 31.34 C,43.91498166,51.38584706,Beta,2028-07-30,2.076306538,-25.001801,A-A,TRUE,96479,"(8, 1)",195,aiaaaiia,713,1
0x308,Temp: 34.32 C,84.69688542,85.41752582,Beta,2028-07-31,0.8342591549,17.88872102,A,T,15008,"(19, 11)",883,yayeyyya,46,1
0x32d,Temp: 40.60 C,89.30902052,15.55307211,Gamma,2028-08-01,29.46905565,19.29262848,B-B-C-D-D,0,96813,"(17, 10)",713,ueezeuee,488,1
0x22d,Temp: 42.52 C,6.245759362,39.83983546,Delta,2028-08-02,1.294769393,17.53513752,A-D-A-C,1,26820,"(12, 9)",897,ixziazaz,619,1
0xb6,Temp: 38.72 C,88.3464763,15.96447186,Gamma,2028-08-03,0.1063765783,-21.90492394,C-C-D-D-A,T,81548,"(7, 12)",176,yozxuiza,170,1
0xf4,Temp: 48.22 C,44.83190554,96.80553888,Alpha,2028-08-04,19.50164297,-23.37837787,B-D,T,32253,"(15, 8)",881,ueuixoyi,146,1
0xb8,Temp: 10.73 C,51.0432489,82.71067775,Alpha,2028-08-05,0.521318956,23.33984556,C,0,39202,"(17, 5)",904,yxayauia,868,0
0xb1,Temp: 17.83 C,62.65925111,85.87672049,Alpha,2028-08-06,4.853062995,-22.44789751,D-D-A,0,39236,"(14, 2)",933,eeouaoeo,420,0
0x22c,Temp: 10.30 C,92.63826067,93.4789056,Gamma,2028-08-07,0.2387753521,-19.60475906,A-A-B,FALSE,77156,"(16, 17)",420,zoaaauyo,972,0
0x3d1,Temp: 35.90 C,1.911609443,17.57421026,Gamma,2028-08-08,0.1423479799,19.26951805,D-A-C-D,FALSE,70263,"(3, 1)",270,oueiyeuy,690,1
0x64,Temp: 45.92 C,47.68434683,44.31818573,Gamma,2028-08-09,1.287245534,-16.65766046,D,T,84855,"(18, 18)",620,yooaazoo,573,1
0x96,Temp: 19.74 C,68.77220424,16.32210512,Alpha,2028-08-10,1.039236107,24.07174707,A-C-D,F,26575,"(4, 15)",297,xyaaeoyo,936,0
0x310,Temp: 47.08 C,72.27069577,28.76058604,Delta,2028-08-11,4.218506292,20.93795616,C-B,F,22204,"(19, 19)",925,ueiiiyxa,3,0
0x330,Temp: 12.41 C,69.25324315,30.41355416,Beta,2028-08-12,0.4466690853,19.01608619,A-B,FALSE,21952,"(10, 5)",292,yiuzyyza,594,0
0x367,Temp: 47.38 C,13.44351294,51.75054178,Gamma,2028-08-13,0.004049834142,-22.65611378,C-B-A,1,,"(19, 11)",202,aiazezze,263,1
0x221,Temp: 24.06 C,29.93955884,33.9020329,Delta,2028-08-14,0.2729895806,18.05447097,C-B-B,TRUE,61142,"(7, 5)",790,ziyuaoyi,799,0
0x224,Temp: 14.06 C,35.87155254,18.98705151,Beta,2028-08-15,10.82063978,20.81324407,C,T,43872,"(12, 19)",594,xaiziuoa,321,1
0x3d4,Temp: 29.43 C,80.44372077,24.90670693,Beta,2028-08-16,0.409782709,-19.65474173,A-D-A,TRUE,39376,"(15, 12)",796,iiyaziii,607,1
0x24b,Temp: 20.27 C,27.87598724,23.10752516,Beta,2028-08-17,0.4775195356,-21.27735428,A-A-D-D-A,FALSE,76084,"(4, 12)",706,eeouyyau,576,1
0x383,Temp: 21.39 C,21.07049639,96.60383501,Delta,2028-08-18,19.28118052,-19.87285292,B-B,0,21640,"(18, 17)",282,zuyzeozz,246,0
0x85,Temp: 22.29 C,95.7448019,77.57703312,Delta,2028-08-19,0.118135893,-17.09814422,D-D-A,T,36437,"(19, 16)",795,uyuiaoya,589,1
0x1bf,Temp: 42.12 C,0.8863285113,96.13077041,Alpha,2028-08-20,0.00977028488,20.15115275,A-A-D,FALSE,97681,"(11, 2)",99,zeuuxaey,477,0
0xc2,Temp: 31.57 C,99.78208557,49.1369033,Delta,2028-08-21,0.6176129214,-22.09772828,B-D-C,1,17903,"(16, 1)",74,xzxixxiu,259,0
0xab,Temp: 22.45 C,67.68212989,34.77479487,Delta,2028-08-22,0.2339794814,-19.94156719,D-D-A,T,93704,"(17, 18)",796,uzoxauey,93,0
0x28a,Temp: 34.41 C,82.84692994,81.04809455,Delta,2028-08-23,0.05509265035,-21.55023024,A,T,36863,"(13, 5)",863,aoxioaiz,803,1
0xfd,Temp: 38.65 C,29.46193963,39.03659871,Beta,2028-08-24,0.5908841126,-17.90894103,D-C-B,F,53381,"(6, 1)",581,eiieuuiy,783,0
0x15d,Temp: 20.90 C,1.431527767,36.64512026,Gamma,2028-08-25,4.368924818,19.94747841,B,0,38548,"(10, 5)",481,ioyuexxi,533,1
0x305,Temp: 26.54 C,73.78695186,30.69303331,Alpha,2028-08-26,0.9725189822,-18.75097909,A-B-A-D,T,59956,"(1, 11)",237,ixooozae,574,0
0x219,Temp: 14.88 C,83.4144597,21.54142906,Gamma,2028-08-27,2.511658315,21.49396168,D-B-D,0,84526,"(7, 18)",937,aiooxzxy,339,1
0xd9,Temp: 17.25 C,74.0476132,32.82521243,Gamma,2028-08-28,230.4935998,-20.06298312,A-B,FALSE,21467,"(10, 15)",576,ozuxezaz,924,0
0x366,Temp: 37.24 C,14.28502873,41.62345761,Delta,2028-08-29,0.3574940413,21.38014735,C-C-A,1,67954,"(4, 16)",831,exoizuxe,260,0
0x3de,Temp: 17.26 C,75.34279223,69.98548452,Alpha,2028-08-30,2.304919851,22.17542085,D-D-D-D-C,1,33901,"(15, 15)",939,zixoyooo,237,1
0x195,Temp: 31.01 C,76.89227821,15.56827096,Gamma,2028-08-31,0.2170472759,-21.38323715,C-B,T,65983,"(12, 8)",939,xyuuexzz,141,1
0x16f,Temp: 38.36 C,65.85405157,28.73511763,Gamma,,0.0789390566,20.54623687,D-B-D-D-D,T,33301,"(8, 18)",797,yzyozuxi,975,1
0x99,Temp: 14.28 C,76.61159328,82.00310399,Alpha,2028-09-02,0.1729551511,-18.00357548,C-D,FALSE,95180,"(6, 5)",783,uzuyeuio,947,0
0x14f,Temp: 32.69 C,84.59214397,23.0760512,Delta,2028-09-03,0.2378117905,19.99442778,D-D-C-B-D,F,79903,"(2, 12)",265,aeiezxzo,944,1
0x1e8,Temp: 20.26 C,61.36041142,40.49541804,Gamma,2028-09-04,2.940052366,18.9338192,C-B-C,F,26204,"(4, 13)",327,uzxuzyio,679,1
0x341,Temp: 48.52 C,8.860471397,86.95464405,Beta,2028-09-05,1149.666708,19.31187209,A-D,F,29755,"(17, 16)",165,aauxyooi,480,1
0x35e,Temp: 29.34 C,48.76278097,23.78835269,Gamma,2028-09-06,0.1167021509,-19.2509317,C,0,69817,"(9, 1)",85,xaizeoai,579,0
0x39c,Temp: 42.24 C,7.764933467,17.36357837,Beta,2028-09-07,0.2865403495,18.04014885,A-C-C,F,12093,"(15, 12)",400,ueiuaaeu,350,0
0x1f4,Temp: 32.01 C,40.7543031,53.12388156,Delta,2028-09-08,0.8274810773,-16.08532282,C,1,79537,"(5, 18)",234,oyyaxooy,570,0
0x2d3,Temp: 11.74 C,40.71064891,36.9153365,Gamma,2028-09-09,3.278534573,18.6637139,C-D,0,32940,"(2, 4)",197,iziaoiuu,724,1
0x362,Temp: 35.33 C,6.600984414,60.14334444,Alpha,2028-09-10,2.20483447,20.3867589,A-B-B,FALSE,83346,"(15, 6)",539,zuzuzzzo,130,0
0x192,Temp: 48.06 C,34.8820534,81.53863525,Alpha,2028-09-11,47.10067734,17.30364591,A-B-A-C-C,1,54040,"(12, 18)",402,uoyazauu,537,1
0x132,Temp: 34.06 C,11.09980988,22.20621545,Gamma,2028-09-12,0.0006897535407,20.03136447,C,1,47322,"(4, 1)",112,uzaiauiz,11,0
0x148,Temp: 42.77 C,80.823521,61.68221853,Delta,2028-09-13,0.0007764412249,23.80053685,B,TRUE,94437,"(15, 18)",874,ieyoyuoe,257,1
0x3b8,Temp: 45.37 C,94.7688026,54.99027967,Delta,2028-09-14,0.225906402,22.04611311,B-A-D,FALSE,97725,"(14, 3)",415,oueozaiy,816,0
0x2a5,Temp: 19.12 C,7.231647526,22.82301196,Alpha,2028-09-15,26.89392871,-23.28708302,B-C-C,FALSE,19236,"(15, 5)",515,eauiyeix,369,1
0xae,Temp: 18.48 C,95.51152073,65.53586521,Gamma,2028-09-16,0.009123113918,-20.78225575,D-C-A,TRUE,82597,"(3, 7)",690,zxeeoixy,944,1
0x216,Temp: 34.44 C,52.25765993,34.35399719,Delta,2028-09-17,0.0001206161922,-22.33501965,A-B,0,94124,"(6, 1)",216,xixyazxz,394,0
0xca,Temp: 26.44 C,29.9565678,53.41725435,Alpha,2028-09-18,5.548558802,18.55207054,A,F,13902,"(19, 7)",810,xuaoeyxy,593,0
0x209,Temp: 43.59 C,7.686207528,17.32223686,Beta,2028-09-19,2.077097883,-18.71131947,A-C-B-D,F,44364,"(4, 12)",183,ooayeuou,798,0
0x323,Temp: 46.00 C,50.06242681,50.90298109,Gamma,2028-09-20,0.03798267211,14.52171959,B,F,30096,"(18, 9)",517,eezayiyx,419,0
0x35f,Temp: 24.14 C,79.45155445,37.27524866,Beta,2028-09-21,0.05199442373,-22.37229095,D,F,22020,"(19, 4)",232,ayuzyaez,5634,0
0x345,Temp: 19.47 C,70.70864773,83.1919278,Beta,2028-09-22,0.05451762915,-23.08064796,A,F,68473,"(1, 9)",163,ozzxxiex,19,0
0x389,,5.022601146,15.0711067,Delta,2028-09-23,1.393203752,18.89364551,C-A,TRUE,54153,"(15, 8)",369,zxouuuau,110,0
0x195,Temp: 20.99 C,7.290183537,47.25604747,Delta,2028-09-24,0.1527510467,19.49209659,A-C-B-D-B,FALSE,51277,"(15, 15)",422,uazzzoex,437,1
0xc5,Temp: 42.90 C,40.28732826,50.80039675,Delta,2028-09-25,4.402584509,-18.49227577,C-A-D-C-B,0,97221,"(18, 7)",832,ixzzuuyx,505,0
0x3b5,Temp: 26.95 C,29.5290494,74.52554079,Gamma,2028-09-26,0.0001908772534,-20.7653071,A,1,48502,"(18, 16)",574,zxyuzaza,34,1